Disease ID,Disease Name,Baseline R@100,Augmented R@100,Improvement,Baseline MRR,Augmented MRR
C0000768,Congenital Abnormality,0.0,0.0,0.0,0.0001918851231427191,0.00014302972887433033
C0000786,Spontaneous abortion,0.04727272727272727,0.04727272727272727,0.0,0.00213691968493993,0.0021773851376301998
C0001418,Adenocarcinoma,0.057272727272727274,0.057272727272727274,0.0,0.003279108732890499,0.002775918029706742
C0001430,Adenoma,0.09166666666666666,0.05833333333333333,-0.03333333333333333,0.0020652147481342222,0.0016569169920126671
C0001624,Adrenal Gland Neoplasms,0.3,0.2,-0.09999999999999998,0.006750052340869633,0.009170536459172502
C0001925,Albuminuria,0.0,0.1,0.1,0.0012116470984405306,0.001981797069955879
C0001973,"Alcoholic Intoxication, Chronic",0.025,0.0,-0.025,0.0018070438291072223,0.0010069854433104532
C0002170,Alopecia,0.0,0.0,0.0,0.0005555787619136414,0.0006359773934794483
C0002395,Alzheimer's Disease,0.02095238095238095,0.014285714285714285,-0.006666666666666666,0.0017610126077710262,0.0011395698474561502
C0002514,"Amino Acid Metabolism, Inborn Errors",0.0,0.0,0.0,0.00025094502651185974,0.00024036386969334607
C0002622,Amnesia,0.05,0.0,-0.05,0.0013626864387919649,0.0012731750701735847
C0002736,Amyotrophic Lateral Sclerosis,0.03333333333333333,0.03333333333333333,0.0,0.00249234803294444,0.002073225640311947
C0002871,Anemia,0.0,0.0,0.0,0.0003690275883985759,0.0002833166970083093
C0002878,"Anemia, Hemolytic",0.0,0.0,0.0,0.0004338840141748767,0.0006134335731480348
C0002895,"Anemia, Sickle Cell",0.0,0.0,0.0,0.0008065841382537524,0.000561151477537504
C0003123,Anorexia,0.2,0.25,0.04999999999999999,0.03116185630688569,0.03833009797905537
C0003130,Anoxia,0.03333333333333333,0.025,-0.008333333333333331,0.0009910172864479685,0.001293107013506481
C0003469,Anxiety Disorders,0.125,0.125,0.0,0.07838446676361185,0.07561390142845532
C0003504,Aortic Valve Insufficiency,0.0,0.0,0.0,0.0003601121374229839,0.0004140411396642581
C0003811,Cardiac Arrhythmia,0.0,0.0,0.0,0.00024586062053511134,0.0009727048308213459
C0003872,"Arthritis, Psoriatic",0.0,0.0,0.0,0.0008604032198512134,0.0012900184920064208
C0003873,Rheumatoid Arthritis,0.009523809523809523,0.014285714285714285,0.004761904761904762,0.0006623771784596825,0.0009022676220322692
C0004096,Asthma,0.01818181818181818,0.028181818181818186,0.010000000000000005,0.0010482155081109827,0.0010984309254067433
C0004114,Astrocytoma,0.15,0.05,-0.09999999999999999,0.00401945905308329,0.0026387208183007217
C0004134,Ataxia,0.0,0.0,0.0,0.0003484076819733539,0.0002355310187732833
C0004153,Atherosclerosis,0.056666666666666664,0.04,-0.016666666666666663,0.0023874703541438965,0.0037290319520798003
C0004238,Atrial Fibrillation,0.0,0.0,0.0,0.0002536739463685499,0.0005619895968671258
C0004352,Autistic Disorder,0.004347826086956522,0.017210144927536232,0.012862318840579711,0.0006980770698122211,0.0008945200618433298
C0004364,Autoimmune Diseases,0.025,0.0,-0.025,0.0011233858861897394,0.0003841984979780271
C0004763,Barrett Esophagus,0.0,0.0,0.0,0.0007025278285051082,0.0005491526644727884
C0004782,Basal Ganglia Diseases,0.0,0.0,0.0,0.00023333515138972342,0.0002559440940317182
C0004936,Mental disorders,0.0,0.0,0.0,0.0004264104171281131,0.0008539380817292185
C0004943,Behcet Syndrome,0.03333333333333333,0.03333333333333333,0.0,0.0014969813012271622,0.002285918212683328
C0005283,beta Thalassemia,0.0,0.0,0.0,0.00035246012692339657,0.00020778045655080304
C0005586,Bipolar Disorder,0.0,0.0,0.0,0.0004625873152561973,0.0004615765765278716
C0005612,Birth Weight,0.0,0.0,0.0,0.00010580680899099516,9.719301436313801e-05
C0005684,Malignant neoplasm of urinary bladder,0.15,0.15,0.0,0.009298062415983698,0.03592582937351164
C0005695,Bladder Neoplasm,0.07636363636363637,0.07636363636363637,0.0,0.004768986212638944,0.004194892267809612
C0005910,Body Weight,0.1,0.1,0.0,0.010636754959664228,0.013167449256693433
C0005941,"Bone Diseases, Developmental",0.0,0.0,0.0,0.0003256414132489046,0.000505119007807818
C0005944,Metabolic Bone Disorder,0.1,0.0,-0.1,0.0019535713332660557,0.00026557679357288656
C0006111,Brain Diseases,0.05,0.0,-0.05,0.016992286685783987,0.00045724247314423767
C0006118,Brain Neoplasms,0.05,0.05,0.0,0.0015361696868698518,0.0018183443167534923
C0006142,Malignant neoplasm of breast,0.030952380952380953,0.016666666666666666,-0.014285714285714287,0.0010280087005326225,0.0008225688709608414
C0006413,Burkitt Lymphoma,0.05,0.1,0.05,0.0020103962875241714,0.0041284585761459025
C0006625,Cachexia,0.0,0.0,0.0,0.0008745701507919458,0.000787183273268811
C0006663,Calcinosis,0.03333333333333333,0.11666666666666665,0.08333333333333331,0.0017849592481525422,0.004539046767160151
C0007117,Basal cell carcinoma,0.15,0.05,-0.09999999999999999,0.005210176193644829,0.004551318505809837
C0007131,Non-Small Cell Lung Carcinoma,0.02727272727272727,0.05454545454545455,0.02727272727272728,0.00241345600077387,0.002538903364782745
C0007134,Renal Cell Carcinoma,0.03333333333333333,0.016666666666666666,-0.016666666666666666,0.001353636709754497,0.0009119340310510364
C0007137,Squamous cell carcinoma,0.08472222222222223,0.10972222222222223,0.02500000000000001,0.005962600455183128,0.004806140065795196
C0007138,"Carcinoma, Transitional Cell",0.08333333333333333,0.08333333333333333,0.0,0.004588977556621814,0.006133090771063994
C0007193,"Cardiomyopathy, Dilated",0.04,0.08,0.04,0.00399044273890453,0.003019765628791281
C0007194,Hypertrophic Cardiomyopathy,0.1,0.15,0.04999999999999999,0.003131937078553121,0.0033377612617705504
C0007222,Cardiovascular Diseases,0.02,0.06000000000000001,0.04000000000000001,0.001023050549962079,0.001172155051917681
C0007273,Carotid Artery Diseases,0.0,0.1,0.1,0.0018340084242147773,0.0017362736135878496
C0007370,Catalepsy,0.0,0.05,0.05,0.000749537826063233,0.0016698385375440235
C0007570,Celiac Disease,0.0,0.0,0.0,0.0004846754024659487,0.00029057126075529945
C0007621,Neoplastic Cell Transformation,0.13472222222222224,0.10972222222222223,-0.02500000000000001,0.005216585185780219,0.007135213278384414
C0007785,Cerebral Infarction,0.0,0.0,0.0,0.0005688357422686319,0.0011773512171692605
C0007786,Brain Ischemia,0.09999999999999999,0.11666666666666667,0.016666666666666677,0.004015212531333188,0.004503508352609482
C0007787,Transient Ischemic Attack,0.0,0.1,0.1,0.0018177990074767648,0.004518758122859552
C0007873,Uterine Cervical Neoplasm,0.1,0.1,0.0,0.009496274530553154,0.006019528857289615
C0007959,Charcot-Marie-Tooth Disease,0.03333333333333333,0.0,-0.03333333333333333,0.0009016329664705976,0.0007372486259866926
C0008073,Developmental Disabilities,0.0,0.05,0.05,0.0008450260518782417,0.0013450720239580466
C0008074,"Child Development Disorders, Pervasive",0.0,0.0,0.0,0.0002998594698341879,0.0003778613448634491
C0008312,Primary biliary cirrhosis,0.0,0.0,0.0,0.00027780903825361323,0.00030373889207036697
C0008370,Cholestasis,0.025,0.025,0.0,0.0013191492160299447,0.0021779880290392767
C0008625,Chromosome Aberrations,0.0,0.0,0.0,0.0005745792919338666,0.0006421851254055631
C0008924,Cleft Lip,0.0,0.0,0.0,0.0006595178723169448,0.0005510654702527142
C0008925,Cleft Palate,0.0,0.0,0.0,0.0008539000473010752,0.001238704650126435
C0009241,Cognition Disorders,0.03333333333333333,0.0,-0.03333333333333333,0.017290226237244976,0.0007918876402290281
C0009319,Colitis,0.03333333333333333,0.0,-0.03333333333333333,0.0013552612554409748,0.0006156430090083749
C0009324,Ulcerative Colitis,0.025,0.0375,0.012499999999999997,0.0014181721730553965,0.0015351707276969342
C0009363,Congenital ocular coloboma (disorder),0.05,0.05,0.0,0.0013231006227608475,0.0011665333270491005
C0009375,Colonic Neoplasms,0.07115384615384615,0.06346153846153847,-0.007692307692307679,0.0037648819560685194,0.0037124960568184658
C0009404,Colorectal Neoplasms,0.04696969696969697,0.051731601731601726,0.004761904761904759,0.0023006491616087915,0.0019503812513296619
C0009447,Common Variable Immunodeficiency,0.0,0.0,0.0,0.0008160253425113313,0.0006873328774125773
C0009952,Febrile Convulsions,0.0,0.0,0.0,0.0007866274977635079,0.00023720004579916748
C0010068,Coronary heart disease,0.016666666666666666,0.0,-0.016666666666666666,0.0005697751089528129,0.00033173101002546525
C0010278,Craniosynostosis,0.0,0.0,0.0,0.00029046064034011273,0.0003874393446440242
C0010346,Crohn Disease,0.02222222222222222,0.01111111111111111,-0.01111111111111111,0.001045300421240384,0.0008082960928553065
C0010606,Adenoid Cystic Carcinoma,0.030000000000000006,0.030000000000000006,0.0,0.004188043985899079,0.006023959953666021
C0011053,Deafness,0.0,0.0,0.0,0.00013172998598943945,0.0002603779541772522
C0011581,Depressive disorder,0.03333333333333333,0.0,-0.03333333333333333,0.0012077891777267182,0.0010835807984267963
C0011609,Drug Eruptions,0.0,0.0,0.0,0.0006972544908255752,0.001096091514686676
C0011615,"Dermatitis, Atopic",0.175,0.2,0.025000000000000022,0.01711937644773672,0.01895346489427447
C0011616,Contact Dermatitis,0.07142857142857142,0.07142857142857142,0.0,0.00197538847976894,0.0021199112609840733
C0011849,Diabetes Mellitus,0.0,0.03333333333333333,0.03333333333333333,0.0010381378164988709,0.0014621691896060409
C0011853,"Diabetes Mellitus, Experimental",0.019090909090909092,0.05818181818181818,0.03909090909090909,0.0017546817072055254,0.0018685268682150594
C0011854,"Diabetes Mellitus, Insulin-Dependent",0.02857142857142857,0.02857142857142857,0.0,0.0029894040633235376,0.001574595753686662
C0011860,"Diabetes Mellitus, Non-Insulin-Dependent",0.013333333333333332,0.006666666666666666,-0.006666666666666666,0.0014428882932381575,0.0008491591113178704
C0011881,Diabetic Nephropathy,0.0,0.025,0.025,0.00113678370414211,0.0013615319213998245
C0011882,Diabetic Neuropathies,0.0,0.05,0.05,0.0009284669787950056,0.0022548752226068214
C0011884,Diabetic Retinopathy,0.0,0.0,0.0,0.0006574872293309778,0.0007938993607430516
C0011991,Diarrhea,0.0,0.1,0.1,0.0006248951196201279,0.0017777692109232981
C0013080,Down Syndrome,0.0,0.0,0.0,0.00037776695776043176,0.00023780724755665186
C0013182,Drug Allergy,0.03333333333333333,0.0,-0.03333333333333333,0.0011383908308074963,0.0005308619190640039
C0013386,"Dyskinesia, Drug-Induced",0.0,0.0,0.0,0.00026182286204570824,0.0005954398905983537
C0013421,Dystonia,0.05,0.0,-0.05,0.0006669496026416689,0.00015443163082601852
C0013604,Edema,0.0,0.03333333333333333,0.03333333333333333,0.0007281620817339042,0.001178459294899869
C0013990,Pathological accumulation of air in tissues,0.1,0.0,-0.1,0.009495195756986999,0.00047033112965645343
C0014170,Endometrial Neoplasms,0.08,0.1,0.020000000000000004,0.0033166620854291227,0.004191367897230021
C0014175,Endometriosis,0.059166666666666666,0.059583333333333335,0.00041666666666666935,0.004496083471713102,0.006995978054696844
C0014544,Epilepsy,0.03333333333333333,0.016666666666666666,-0.016666666666666666,0.0009879211290178646,0.0009707269433495954
C0014549,Tonic-Clonic Epilepsy,0.0,0.0,0.0,0.0008846080227965727,0.0013398246915977158
C0014556,"Epilepsy, Temporal Lobe",0.0,0.05,0.05,0.0009779205864613948,0.0013066486843181378
C0014859,Esophageal Neoplasms,0.08095238095238096,0.06428571428571428,-0.016666666666666677,0.004657173914577774,0.00331924991062517
C0015393,Eye Abnormalities,0.0,0.2,0.2,0.0011223691137120365,0.014015986698542296
C0015625,Fanconi Anemia,0.0,0.0,0.0,0.0003172215726744413,0.0006877864889800118
C0015695,Fatty Liver,0.04,0.04,0.0,0.002269076264403833,0.0034226519131119225
C0015934,Fetal Growth Retardation,0.0,0.0,0.0,0.0005360835763503963,0.0005694188519826215
C0015967,Fever,0.0,0.05,0.05,0.0004980345384348966,0.0015828805731549656
C0016059,Fibrosis,0.1,0.075,-0.02500000000000001,0.0024995600444805135,0.0039537437114477315
C0017178,Gastrointestinal Diseases,0.0,0.0,0.0,0.00046342528166736245,0.00023065073175947614
C0017601,Glaucoma,0.0,0.0,0.0,0.0001322852566984811,0.0002293474441647059
C0017636,Glioblastoma,0.03333333333333333,0.03333333333333333,0.0,0.003148717726069116,0.0014548076239826791
C0017638,Glioma,0.047619047619047616,0.04523809523809523,-0.0023809523809523864,0.009374448043644597,0.006384878974810358
C0017639,Gliosis,0.1,0.15,0.04999999999999999,0.002660617456793171,0.004866069998249543
C0017658,Glomerulonephritis,0.26666666666666666,0.21666666666666665,-0.05000000000000002,0.014180829499968286,0.01493745585586782
C0017661,IGA Glomerulonephritis,0.01168327796234773,0.018604651162790697,0.0069213732004429675,0.0008370563693885141,0.001097618336541017
C0017668,Focal glomerulosclerosis,0.05,0.05,0.0,0.003261338264900494,0.0027640644254654676
C0018099,Gout,0.0,0.0,0.0,0.00029231842783109517,0.0003715467219336653
C0018213,Graves Disease,0.0,0.0,0.0,0.000559915861065894,0.00034515951134074237
C0018273,Growth Disorders,0.0,0.0,0.0,0.0004149480975898116,0.0005763274473718926
C0018621,Hay fever,0.0,0.0,0.0,0.0001285835344820067,7.979523476419898e-05
C0018671,Head and Neck Neoplasms,0.1,0.1,0.0,0.004596929857949839,0.00262121065197374
C0018772,"Hearing Loss, Partial",0.0,0.0,0.0,0.00021150517092226824,0.00022875595009491998
C0018798,Congenital Heart Defects,0.0,0.0,0.0,0.0003083439847262104,0.0002658530380148591
C0018799,Heart Diseases,0.025,0.025,0.0,0.0013251660441394736,0.001294426010775276
C0018800,Cardiomegaly,0.07857142857142856,0.12380952380952381,0.04523809523809526,0.005786890335100879,0.005275032458460447
C0018801,Heart failure,0.0,0.0125,0.0125,0.0008716428717093362,0.0011528080388949766
C0018824,Heart valve disease,0.03333333333333333,0.06666666666666667,0.03333333333333333,0.0017980381206778493,0.004439699316170695
C0018843,Heat Stroke,0.2,0.2,0.0,0.004299137676014088,0.006351402129350574
C0018923,Hemangiosarcoma,0.25,0.2,-0.04999999999999999,0.0062127566239994604,0.00625663198837389
C0018995,Hemochromatosis,0.0,0.0,0.0,0.0003795823423077715,0.00046925368123665356
C0019080,Hemorrhage,0.0,0.0,0.0,0.0007644233732998704,0.0017479564118830046
C0019151,Hepatic Encephalopathy,0.1,0.1,0.0,0.001754348538490971,0.0027036727749298454
C0019158,Hepatitis,0.0,0.0,0.0,0.0005143501400107291,0.0008072026524074167
C0019163,Hepatitis B,0.0,0.0,0.0,0.0003134297839160691,0.00023396118210335025
C0019189,"Hepatitis, Chronic",0.03333333333333333,0.08333333333333333,0.049999999999999996,0.0014223215768707658,0.0018919204763326585
C0019196,Hepatitis C,0.0,0.0,0.0,0.0008147494027726344,0.0009376986930539815
C0019202,Hepatolenticular Degeneration,0.0,0.03333333333333333,0.03333333333333333,0.0006577846840995161,0.0016018024300180958
C0019284,Diaphragmatic Hernia,0.025,0.0,-0.025,0.00088578081389236,0.0008290231397851261
C0019569,Hirschsprung Disease,0.0,0.0,0.0,0.000715554393555648,0.0004187546096450289
C0019693,HIV Infections,0.07111111111111112,0.061111111111111116,-0.010000000000000009,0.003196474620845804,0.009103576971172006
C0019829,Hodgkin Disease,0.1,0.1,0.0,0.002185085191674253,0.0021462080456002824
C0020179,Huntington Disease,0.0,0.0,0.0,0.0005131090370933565,0.00040399740005583033
C0020429,Hyperalgesia,0.02857142857142857,0.05714285714285714,0.02857142857142857,0.01841815745643217,0.018607809271366675
C0020437,Hypercalcemia,0.0,0.0,0.0,0.0003174621420302347,0.0002519276704629489
C0020443,Hypercholesterolemia,0.0,0.0,0.0,0.0003436963504541932,0.00023566889450855823
C0020445,"Hypercholesterolemia, Familial",0.0,0.0,0.0,0.0007721185479994516,0.0007413033676501874
C0020452,Hyperemia,0.0,0.0,0.0,0.000579553381891961,0.0010891403451425466
C0020456,Hyperglycemia,0.05,0.15,0.09999999999999999,0.0015995849116935072,0.0028514377746224804
C0020459,Hyperinsulinism,0.0,0.1,0.1,0.0007257472487578899,0.0028024144329151517
C0020473,Hyperlipidemia,0.0,0.0,0.0,0.0008442486978010625,0.0009032151627651078
C0020507,Hyperplasia,0.06666666666666667,0.06666666666666667,0.0,0.001690148817949094,0.002046837817785024
C0020517,Hypersensitivity,0.20714285714285713,0.24047619047619045,0.033333333333333326,0.02295168027267521,0.021027127459991427
C0020538,Hypertensive disease,0.021637426900584796,0.0327485380116959,0.011111111111111106,0.001660741694024469,0.001700977667024661
C0020542,Pulmonary Hypertension,0.03333333333333333,0.03333333333333333,0.0,0.0019196400865204425,0.0029356491741683558
C0020557,Hypertriglyceridemia,0.0,0.0,0.0,0.00024077970700180353,0.00012588091873030668
C0020615,Hypoglycemia,0.0,0.0,0.0,0.0006261522559714963,0.0008437290358530424
C0020619,Hypogonadism,0.15,0.15,0.0,0.012899846611008205,0.022104709254338543
C0020649,Hypotension,0.07666666666666666,0.09666666666666668,0.020000000000000018,0.02200260642448016,0.026622142076971313
C0020672,"Hypothermia, natural",0.0,0.1,0.1,0.00021080790776741983,0.0023406888114803925
C0021051,Immunologic Deficiency Syndromes,0.0,0.0,0.0,0.0004656378700447682,0.0006412128811097231
C0021361,Female infertility,0.2333333333333333,0.2333333333333333,0.0,0.006407230255256126,0.00672765882114193
C0021364,Male infertility,0.11000000000000001,0.11000000000000001,0.0,0.0022583468254396104,0.0023394253908995384
C0021368,Inflammation,0.07272727272727272,0.10181818181818181,0.029090909090909084,0.005234326790118591,0.006950841197232167
C0021390,Inflammatory Bowel Diseases,0.0125,0.0125,0.0,0.0009030604597445745,0.0008522908366815999
C0021400,Influenza,0.06000000000000001,0.06000000000000001,0.0,0.0037322960043579484,0.002546088831149616
C0021655,Insulin Resistance,0.045,0.045,0.0,0.003761955061626427,0.0025514443722718778
C0021841,Intestinal Neoplasms,0.15,0.3,0.15,0.006034833377870028,0.010920855758309301
C0022116,Ischemia,0.03333333333333333,0.05,0.01666666666666667,0.003321020119773175,0.001722790767763958
C0022336,Creutzfeldt-Jakob disease,0.0,0.0,0.0,8.543656026984625e-05,0.00032738479718286086
C0022521,Kartagener Syndrome,0.0,0.06666666666666667,0.06666666666666667,0.0006464368384088749,0.0017472207895512094
C0022548,Keloid,0.0,0.0,0.0,0.0008182950623151454,0.001041035841911938
C0022658,Kidney Diseases,0.0,0.0,0.0,0.0004281357731081003,0.0003758365233001033
C0022661,"Kidney Failure, Chronic",0.025,0.05,0.025,0.0012416609354456278,0.0015483503537357718
C0022665,Kidney Neoplasm,0.13333333333333333,0.13333333333333333,0.0,0.002770353879925555,0.003905588152700873
C0023186,Learning Disorders,0.05,0.0,-0.05,0.003969439830403918,0.0006582870064968064
C0023264,Leigh Disease,0.45,0.45,0.0,0.018460232819998437,0.01626237868878113
C0023290,"Leishmaniasis, Visceral",0.1,0.0,-0.1,0.0018510526862319386,0.001250726468961883
C0023343,Leprosy,0.0,0.0,0.0,0.00017434509638243186,0.00013791734588166585
C0023418,leukemia,0.05833333333333333,0.13333333333333333,0.07500000000000001,0.003199200172723875,0.0038018962873930277
C0023434,Chronic Lymphocytic Leukemia,0.02,0.0,-0.02,0.001416913651135811,0.0007302217451258754
C0023452,"Leukemia, Lymphocytic, Acute, L1",0.0,0.0,0.0,0.00031334698887441133,0.00029365171533571175
C0023467,"Leukemia, Myelocytic, Acute",0.008333333333333333,0.008333333333333333,0.0,0.0007600294979782374,0.0011122073798073408
C0023470,Myeloid Leukemia,0.05,0.0,-0.05,0.0014500839608867513,0.001054579446645475
C0023473,"Myeloid Leukemia, Chronic",0.1,0.1,0.0,0.0021196089478925807,0.004818033102841205
C0023485,Precursor B-Cell Lymphoblastic Leukemia-Lymphoma,0.0,0.0,0.0,0.0009820008689381886,0.0008718597791696327
C0023487,Acute Promyelocytic Leukemia,0.03333333333333333,0.03333333333333333,0.0,0.0010273068201257897,0.002056395756967583
C0023493,Adult T-Cell Lymphoma/Leukemia,0.11666666666666665,0.125,0.008333333333333345,0.0053078350441972694,0.004742722148805043
C0023794,Lipoidosis,0.0,0.0,0.0,0.00033397995279186535,0.00048056979879531475
C0023890,Liver Cirrhosis,0.056666666666666664,0.02,-0.03666666666666667,0.0018258179473147756,0.0024176377987119536
C0023891,"Liver Cirrhosis, Alcoholic",0.0,0.0,0.0,0.0013183988438914226,0.001319797864865181
C0023892,Biliary cirrhosis,0.1,0.13333333333333333,0.033333333333333326,0.002476196699972459,0.003908239225990916
C0023893,"Liver Cirrhosis, Experimental",0.03909090909090909,0.04818181818181819,0.009090909090909094,0.002958526173989205,0.004125434278475738
C0023895,Liver diseases,0.07619047619047618,0.07619047619047618,0.0,0.010071791525570108,0.018595729533145814
C0023903,Liver neoplasms,0.06363636363636363,0.06363636363636363,0.0,0.002139542307837472,0.002475853268497494
C0023904,"Liver Neoplasms, Experimental",0.016666666666666666,0.016666666666666666,0.0,0.0013040113954095127,0.0013634488061167688
C0023976,Long QT Syndrome,0.0,0.0,0.0,0.00042517238920628436,0.0005931730067931409
C0024115,Lung diseases,0.0,0.02,0.02,0.0006057340534739751,0.0010989852740030189
C0024117,Chronic Obstructive Airway Disease,0.0,0.0,0.0,0.000523043363912625,0.0004622702176055798
C0024121,Lung Neoplasms,0.07026143790849673,0.07581699346405228,0.00555555555555555,0.0029124526267776973,0.0027949440770521686
C0024141,"Lupus Erythematosus, Systemic",0.0,0.0,0.0,0.0004298415896216151,0.00038970334622271514
C0024232,Lymphatic Metastasis,0.0,0.0,0.0,0.0008988600763657345,0.000860551387379443
C0024299,Lymphoma,0.0,0.0,0.0,0.000684100981415269,0.0007292184654924874
C0024301,"Lymphoma, Follicular",0.05,0.05,0.0,0.0011875265875133782,0.002522090714813047
C0024305,"Lymphoma, Non-Hodgkin",0.05,0.0,-0.05,0.003978129666217262,0.0004454580316963928
C0024530,Malaria,0.0,0.0,0.0,0.0005456668323622865,0.0003824839559393629
C0024667,Animal Mammary Neoplasms,0.05769230769230769,0.049999999999999996,-0.007692307692307693,0.0035883354174557638,0.004164046741468336
C0024668,"Mammary Neoplasms, Experimental",0.04625,0.052083333333333336,0.005833333333333336,0.0033058032116088628,0.003552671241411698
C0024796,Marfan Syndrome,0.0,0.0,0.0,0.0016184168073737689,0.002225753974084607
C0024809,Marijuana Abuse,0.2,0.2,0.0,0.0055435964590525265,0.00689987118727662
C0025149,Medulloblastoma,0.025,0.045,0.019999999999999997,0.002027419283888645,0.00268729992782867
C0025202,melanoma,0.03105263157894737,0.03105263157894737,0.0,0.0018161096104536852,0.0014532858573663304
C0025261,Memory Disorders,0.025,0.025,0.0,0.013348705089011518,0.025702397460895664
C0025286,Meningioma,0.1,0.1,0.0,0.0017314446177561353,0.002677560723704955
C0025500,Mesothelioma,0.045,0.045,0.0,0.005212053626313423,0.004821081956680758
C0025521,Inborn Errors of Metabolism,0.0,0.0,0.0,0.0003503746425165249,0.00019761494055018934
C0025958,Microcephaly,0.0,0.0,0.0,0.0006557841344192125,0.0008753378974636031
C0026603,Motion Sickness,0.0,0.0,0.0,0.00017738957174128435,0.000219154183455641
C0026636,Mouth Diseases,0.05,0.0,-0.05,0.0010501901569439605,0.0005034763109244788
C0026640,Mouth Neoplasms,0.06999999999999999,0.045,-0.024999999999999994,0.002491252157418684,0.0029224492175536263
C0026650,Movement Disorders,0.0,0.0,0.0,0.0005066374553340624,0.0005390540481150583
C0026691,Mucocutaneous Lymph Node Syndrome,0.0,0.0,0.0,0.00020678553154436304,0.00025939346804440316
C0026764,Multiple Myeloma,0.025,0.025,0.0,0.0010686563632367387,0.001919900558175328
C0026769,Multiple Sclerosis,0.01111111111111111,0.0,-0.01111111111111111,0.0006740356356910404,0.00046240501617195726
C0026846,Muscular Atrophy,0.2,0.25,0.04999999999999999,0.0036673198922031816,0.009418166918833843
C0026848,Myopathy,0.0,0.0,0.0,0.0004448140234946596,0.0002996838024884155
C0027051,Myocardial Infarction,0.01111111111111111,0.02222222222222222,0.01111111111111111,0.001112898333581179,0.0012185543800852722
C0027055,Myocardial Reperfusion Injury,0.0,0.025,0.025,0.001248331604855994,0.0019193810932672598
C0027092,Myopia,0.0,0.0,0.0,0.0003699250707463684,0.0001862888101837305
C0027404,Narcolepsy,0.15,0.15,0.0,0.0024514415252137986,0.004013537778998452
C0027540,Necrosis,0.02,0.04,0.02,0.004287851428100725,0.0014466321313369253
C0027626,Neoplasm Invasiveness,0.0782051282051282,0.06282051282051283,-0.015384615384615372,0.004415469458735935,0.004087020287484898
C0027627,Neoplasm Metastasis,0.08681318681318681,0.058241758241758236,-0.028571428571428574,0.004298015824341738,0.003432119630537145
C0027643,"Neoplasm Recurrence, Local",0.13333333333333333,0.13333333333333333,0.0,0.009116905918810722,0.008796735864082441
C0027658,"Neoplasms, Germ Cell and Embryonal",0.0,0.0,0.0,0.00018443758239676493,0.00029105471110382335
C0027659,"Neoplasms, Experimental",0.05833333333333333,0.09166666666666665,0.03333333333333332,0.002336737681664405,0.002430745211527722
C0027672,"Neoplastic Syndromes, Hereditary",0.08,0.04,-0.04,0.0035286192621186395,0.002367915429155229
C0027707,"Nephritis, Interstitial",0.3,0.2,-0.09999999999999998,0.016790412600667062,0.01364739492737908
C0027708,Nephroblastoma,0.1,0.1,0.0,0.002642750407409201,0.0029725782314115527
C0027720,Nephrosis,0.0,0.05,0.05,0.0009824105434330071,0.00152211961763606
C0027726,Nephrotic Syndrome,0.05,0.05,0.0,0.0020299697528885856,0.002715198211436278
C0027746,Nerve Degeneration,0.06785714285714287,0.06785714285714287,0.0,0.007762029547203046,0.008444675931863502
C0027765,nervous system disorder,0.0,0.02,0.02,0.0007033898505080521,0.0007349613183372333
C0027794,Neural Tube Defects,0.1,0.05,-0.05,0.0027537068915507415,0.0019935226222993277
C0027796,Neuralgia,0.0,0.1,0.1,0.0018172798302718619,0.001722437561425987
C0027819,Neuroblastoma,0.05,0.025,-0.025,0.006271735305566395,0.0012366314345240647
C0027947,Neutropenia,0.0,0.0,0.0,0.0004006974362036176,0.00032678553536741133
C0028326,Noonan Syndrome,0.0,0.05,0.05,0.0009971811857582588,0.0028821033634329374
C0028754,Obesity,0.038615384615384614,0.03476923076923077,-0.0038461538461538464,0.0027777888735487062,0.00338600338474303
C0029172,Oral Submucous Fibrosis,0.0,0.0,0.0,0.001074504116439927,0.001339510837323919
C0029408,Degenerative polyarthritis,0.04111111111111111,0.04111111111111111,0.0,0.0013378716017187656,0.0014229614635328635
C0029422,Osteochondrodysplasias,0.0,0.0,0.0,0.0008895640214739523,0.0004111591270403568
C0029456,Osteoporosis,0.0,0.016666666666666666,0.016666666666666666,0.0007868122584940215,0.0013145454950720466
C0029463,Osteosarcoma,0.10833333333333332,0.10833333333333332,0.0,0.006201304037061548,0.005650862001711108
C0029927,Ovarian Cysts,0.06666666666666667,0.06666666666666667,0.0,0.0015632207079881739,0.0017165939727476116
C0030193,Pain,0.02,0.02,0.0,0.0010682584030559457,0.0010726444222404253
C0030297,Pancreatic Neoplasm,0.05,0.0375,-0.012500000000000004,0.0018535998814216575,0.0019134162653270943
C0030305,Pancreatitis,0.0,0.0,0.0,0.000699033620011534,0.0005877323287129775
C0030354,Papilloma,0.1,0.3,0.19999999999999998,0.01563807573152585,0.012054399207324743
C0030567,Parkinson Disease,0.01,0.02,0.01,0.0007777753915975596,0.0024139534726673015
C0031117,Peripheral Neuropathy,0.032275132275132276,0.028835978835978833,-0.003439153439153443,0.002300184347144013,0.0031175411043974496
C0031511,Pheochromocytoma,0.0,0.0,0.0,0.000780402447503012,0.0009394145261240213
C0032273,Pneumoconiosis,0.0,0.0,0.0,0.00017257201034302932,0.0004929996142770298
C0032285,Pneumonia,0.255,0.305,0.04999999999999999,0.026735321604342204,0.0259661327610242
C0032460,Polycystic Ovary Syndrome,0.01380952380952381,0.01380952380952381,0.0,0.0009519245475039814,0.0010856039732424787
C0032914,Pre-Eclampsia,0.0,0.0,0.0,0.00029581281844164844,0.00033339591976675056
C0032927,Precancerous Conditions,0.02857142857142857,0.05714285714285714,0.02857142857142857,0.001242918165119134,0.0017747718683769204
C0033578,Prostatic Neoplasms,0.0469472710453284,0.049121184088806655,0.0021739130434782553,0.0026826460633471,0.003604301643076239
C0033687,Proteinuria,0.0,0.025,0.025,0.0009412395147336047,0.0015236156887105498
C0033860,Psoriasis,0.014285714285714285,0.014285714285714285,0.0,0.0008226937527217882,0.0007778722846077781
C0033941,"Psychoses, Substance-Induced",0.2,0.15,-0.05000000000000002,0.0036133437761764102,0.00805051740481999
C0033975,Psychotic Disorders,0.05,0.0,-0.05,0.012930696615969798,0.0006077618413138067
C0034065,Pulmonary Embolism,0.0,0.0,0.0,0.0003910364510262408,0.0005509673769589677
C0034069,Pulmonary Fibrosis,0.14500000000000002,0.205,0.05999999999999997,0.020530394435313425,0.023162879529550894
C0034951,Refractive Errors,0.0,0.0,0.0,0.00034549229215986903,0.00034951612344868803
C0035126,Reperfusion Injury,0.02361111111111111,0.04861111111111111,0.025,0.0017516255262797077,0.0021466740917113016
C0035228,Respiratory Hypersensitivity,0.15,0.25,0.1,0.02132754214953133,0.03602325411920515
C0035229,Respiratory Insufficiency,0.0,0.0,0.0,0.000176236310194323,0.00018976171703093193
C0035304,Retinal Degeneration,0.0,0.0,0.0,0.0003781004047386169,0.0007508673292107707
C0035309,Retinal Diseases,0.0,0.0,0.0,0.00068913954906866,0.000659115413576682
C0035334,Retinitis Pigmentosa,0.07142857142857142,0.05714285714285714,-0.014285714285714284,0.023429441709647295,0.003927418214779222
C0035828,Romano-Ward Syndrome,0.05,0.05,0.0,0.0027783730498192423,0.008385716607867596
C0036095,Salivary Gland Neoplasms,0.0,0.0,0.0,0.00037052805652808187,0.0005092816314779226
C0036341,Schizophrenia,0.012681159420289856,0.012681159420289856,0.0,0.0009671811935487787,0.0007203232726145657
C0036346,"Schizophrenia, Childhood",0.0,0.0,0.0,0.00012860137549233107,0.00014151584507444878
C0036421,Systemic Scleroderma,0.0,0.05,0.05,0.00043761141547102127,0.0008730960052370527
C0036572,Seizures,0.02,0.03111111111111111,0.01111111111111111,0.0013413525893020515,0.0030420051159017183
C0036920,Sezary Syndrome,0.21666666666666665,0.18333333333333332,-0.033333333333333326,0.009648335676777127,0.010589127399028914
C0037268,Skin Abnormalities,0.0,0.0,0.0,0.00041346875040022276,0.00033848242536392467
C0037274,Dermatologic disorders,0.0,0.016666666666666666,0.016666666666666666,0.0005193595183045408,0.0005854467292566114
C0037286,Skin Neoplasms,0.11000000000000001,0.085,-0.02500000000000001,0.00573731971140385,0.008444492960678042
C0037769,West Syndrome,0.0,0.0,0.0,0.000599776472822626,0.0005706192841472336
C0038013,Ankylosing spondylitis,0.0,0.0,0.0,0.00019215228696279146,0.00013773393714022498
C0038220,Status Epilepticus,0.14761904761904762,0.11904761904761904,-0.02857142857142858,0.014028782441421828,0.016396927935700314
C0038325,Stevens-Johnson Syndrome,0.19999999999999998,0.13333333333333333,-0.06666666666666665,0.007872879819807792,0.008113425031236268
C0038356,Stomach Neoplasms,0.03214285714285714,0.025,-0.007142857142857138,0.002243238413111619,0.0022506442532980496
C0038358,Gastric ulcer,0.05,0.1,0.05,0.001953958460880585,0.004121800336832035
C0038454,Cerebrovascular accident,0.0,0.0,0.0,0.0009515112541398512,0.0012285374155556687
C0038587,Substance Withdrawal Syndrome,0.04,0.06000000000000001,0.02000000000000001,0.0031442953505268377,0.0024415930795642863
C0038644,Sudden infant death syndrome,0.05,0.05,0.0,0.0012092390409160732,0.0014404826985592275
C0039231,Tachycardia,0.0,0.1,0.1,0.0003769967477086517,0.0017458574485058886
C0039685,Tetralogy of Fallot,0.0,0.0,0.0,0.0004265106272867094,0.00029457504229311356
C0040028,"Thrombocythemia, Essential",0.05,0.0,-0.05,0.0013908484490346986,0.0008079611040881663
C0040034,Thrombocytopenia,0.0,0.0,0.0,0.00048196665733887047,0.0005589555361677082
C0040038,Thromboembolism,0.0,0.0,0.0,0.0007437243644189018,0.0008883421396616127
C0040053,Thrombosis,0.025,0.025,0.0,0.0011041409889706905,0.001398654830228834
C0040128,Thyroid Diseases,0.0,0.1,0.1,0.0006646474478882907,0.0013411946111259955
C0040136,Thyroid Neoplasm,0.0,0.025,0.025,0.0010810001003921717,0.0015847139602945671
C0040336,Tobacco Use Disorder,0.0,0.0,0.0,0.00020515257360744933,0.0002862411100822212
C0040427,Tooth Abnormalities,0.0,0.0,0.0,0.0004973016967403036,0.0003312691941276995
C0041755,Adverse reaction to drug,0.016666666666666666,0.016666666666666666,0.0,0.002166110902854298,0.0061461487570383605
C0041948,Uremia,0.05,0.05,0.0,0.0013458103795456642,0.0028146935369353665
C0042109,Urticaria,0.0,0.0,0.0,0.0006576523073819627,0.0009715428239238943
C0042373,Vascular Diseases,0.0,0.0,0.0,0.0008346208855719058,0.0010225481997510944
C0042487,Venous Thrombosis,0.0,0.0,0.0,0.0007362569704889088,0.0008190423047433344
C0042514,"Tachycardia, Ventricular",0.0,0.0,0.0,0.00027882872106102573,0.0002292729317511347
C0042900,Vitiligo,0.0,0.0,0.0,0.00038330918658446514,0.00040521399934920167
C0043094,Weight Gain,0.02361111111111111,0.02222222222222222,-0.001388888888888891,0.006976047823799884,0.0007620954625936613
C0043459,Zellweger Syndrome,0.0,0.0,0.0,0.0006369247008315624,0.0004804055703692666
C0079744,Diffuse Large B-Cell Lymphoma,0.05,0.025,-0.025,0.0017066908494760794,0.0012722981600641673
C0079772,T-Cell Lymphoma,0.15,0.25,0.1,0.015785280069275008,0.01687124146418053
C0079773,"Lymphoma, T-Cell, Cutaneous",0.1,0.05,-0.05,0.002905500139002811,0.003114282050408643
C0080178,Spina Bifida,0.0,0.0,0.0,0.0006084508823927142,0.0008883156751434279
C0085110,Severe Combined Immunodeficiency,0.0,0.0,0.0,0.00038916373214024723,0.00043432699468477396
C0085129,Bronchial Hyperreactivity,0.1,0.1,0.0,0.002061354031737997,0.0022740705563883993
C0085207,Gestational Diabetes,0.0,0.0,0.0,0.0004555224237147232,0.0003326437190289302
C0085580,Essential Hypertension,0.0,0.0,0.0,0.00032712525910293035,0.000303096924994744
C0086445,Idiopathic Membranous Glomerulonephritis,0.0,0.0,0.0,0.0003672766850378266,0.0003918480571751002
C0086543,Cataract,0.0,0.0,0.0,0.00042611802991047277,0.0005300585207040744
C0087012,"Ataxia, Spinocerebellar",0.0,0.0,0.0,0.0009225408734860498,0.0006013821957572476
C0149721,Left Ventricular Hypertrophy,0.06666666666666667,0.03333333333333333,-0.03333333333333333,0.0027747454633913725,0.001707161637677818
C0149925,Small cell carcinoma of lung,0.1,0.1,0.0,0.0056630702498381685,0.005771799775251811
C0149931,Migraine Disorders,0.0,0.0,0.0,0.000360925284479094,0.00035714969085976617
C0151744,Myocardial Ischemia,0.02389705882352941,0.02426470588235294,0.0003676470588235316,0.0011239394112767282,0.0018348869291419073
C0151786,Muscle Weakness,0.01111111111111111,0.0,-0.01111111111111111,0.0004885481297393383,0.00034859905184679986
C0152013,Adenocarcinoma of lung (disorder),0.02,0.02,0.0,0.003939766692733157,0.0015280980825429402
C0162557,"Liver Failure, Acute",0.0,0.05,0.05,0.0010945573054265195,0.0020186444070815677
C0162666,Mitochondrial Encephalomyopathies,0.2,0.2,0.0,0.028637701702086703,0.007959972583852223
C0162671,MELAS Syndrome,0.8,0.7,-0.10000000000000009,0.02382847101665219,0.017295551219775277
C0162809,Kallmann Syndrome,0.0,0.0,0.0,0.00038529972335455494,0.0003636793442508911
C0162820,"Dermatitis, Allergic Contact",0.02857142857142857,0.02857142857142857,0.0,0.0024398244801089298,0.0032930559502016296
C0162871,"Aortic Aneurysm, Abdominal",0.0,0.0,0.0,0.0007282795097709213,0.0006475857547296887
C0175702,Williams Syndrome,0.0,0.0,0.0,0.0004214910512298755,0.000407548610268318
C0206062,"Lung Diseases, Interstitial",0.0,0.0,0.0,0.00030068993792220776,0.0003191557506717325
C0206686,Adrenocortical carcinoma,0.15,0.1,-0.04999999999999999,0.010993846434591014,0.005790746901044048
C0206698,Cholangiocarcinoma,0.13333333333333333,0.08333333333333333,-0.05,0.013583746170678947,0.008913232759029036
C0206726,gliosarcoma,0.1,0.05,-0.05,0.012403258542303156,0.006682833864799939
C0206754,Neuroendocrine Tumors,0.0,0.0,0.0,0.0005607834653546687,0.0007698171418784345
C0206762,"Limb Deformities, Congenital",0.0,0.0,0.0,0.0003758483053269671,0.0002138225387319916
C0235032,Neurotoxicity Syndromes,0.03333333333333333,0.0,-0.03333333333333333,0.0010550139711611515,0.000938703526110025
C0235833,Congenital diaphragmatic hernia,0.0,0.0,0.0,0.0005501131994700825,0.0016709623347535307
C0236733,Amphetamine-Related Disorders,0.06964285714285715,0.05535714285714286,-0.014285714285714284,0.003317820476194643,0.008688274930460637
C0236736,Cocaine-Related Disorders,0.09166666666666666,0.10277777777777777,0.011111111111111113,0.00948722501529046,0.014798559350354432
C0236969,Substance-Related Disorders,0.00909090909090909,0.0,-0.00909090909090909,0.0005528398151725272,0.0003870285517566126
C0238288,"Muscular Dystrophy, Facioscapulohumeral",0.0,0.0,0.0,0.0011046345528153993,0.0008284798739807527
C0238463,Papillary thyroid carcinoma,0.03333333333333333,0.0,-0.03333333333333333,0.007745951166750778,0.001141414644424744
C0241910,"Hepatitis, Autoimmune",0.2,0.2,0.0,0.008410998328164578,0.009149546046006821
C0242339,Dyslipidemias,0.0,0.0,0.0,0.0002651002405928447,0.00020130271713063
C0242350,Erectile dysfunction,0.0,0.0,0.0,0.0005359207711434821,0.0008074627620867431
C0242379,Malignant neoplasm of lung,0.0,0.0,0.0,0.0006001498883617965,0.0004988878468041555
C0242383,Age related macular degeneration,0.0,0.0,0.0,0.00045679739164602144,0.00044338523465813605
C0242422,Parkinsonian Disorders,0.05,0.05,0.0,0.0042167111768822655,0.05097046542390136
C0242488,Acute Lung Injury,0.0,0.1,0.1,0.0008177771824109939,0.0032672758670612445
C0242656,Disease Progression,0.04871794871794871,0.047435897435897434,-0.0012820512820512775,0.00227332378401903,0.0021729995798003355
C0242698,"Ventricular Dysfunction, Left",0.0,0.0,0.0,0.0008636340845825765,0.0008794691414333534
C0243026,Sepsis,0.1,0.05,-0.05,0.002131779262440935,0.0018715276533183129
C0263454,Chloracne,0.03333333333333333,0.0,-0.03333333333333333,0.0046442861106879675,0.00040082161659551346
C0265215,Meckel-Gruber syndrome,0.15,0.15,0.0,0.002605650008025858,0.00418349059219948
C0265221,Walker-Warburg congenital muscular dystrophy,0.1,0.05,-0.05,0.0027175543542485438,0.0018127829249483941
C0265965,Dyskeratosis Congenita,0.0,0.0,0.0,0.0006744282092467253,0.0008603730426219513
C0268237,Cytochrome-c Oxidase Deficiency,0.3,0.2,-0.09999999999999998,0.004524972124140094,0.0035993406130735185
C0268362,Osteogenesis imperfecta type III (disorder),0.1,0.1,0.0,0.005852951017383405,0.00882358427068277
C0268363,Osteogenesis imperfecta type IV (disorder),0.0,0.0,0.0,0.00033294149659471046,0.0007775466209446711
C0268583,Methylmalonic acidemia,0.0,0.1,0.1,0.0007038363795103819,0.0019522462073384018
C0271650,Impaired glucose tolerance,0.0,0.0,0.0,0.0008826013672796146,0.0009483238903891215
C0273115,Lung Injury,0.3,0.15,-0.15,0.00850502880433727,0.0066871215203580595
C0279626,Squamous cell carcinoma of esophagus,0.05972222222222222,0.05972222222222222,0.0,0.004861569572831788,0.0056866287898602935
C0279628,Adenocarcinoma Of Esophagus,0.05,0.05,0.0,0.003631539948211291,0.0015118691925378447
C0282525,"Adrenoleukodystrophy, Neonatal",0.0,0.0,0.0,0.0004734876543541811,0.00031956181950495917
C0282527,Infantile Refsum Disease (disorder),0.0,0.0,0.0,0.0004734876543541811,0.00031956181950495917
C0282612,Prostatic Intraepithelial Neoplasias,0.1,0.15,0.04999999999999999,0.00865131143028075,0.002714307701225384
C0311375,Arsenic Poisoning,0.016666666666666666,0.0,-0.016666666666666666,0.0006172127476165587,0.0003313917723698506
C0333641,Atrophic,0.0,0.0,0.0,0.00167664125230326,0.002207307604122358
C0334588,Giant Cell Glioblastoma,0.15,0.05,-0.09999999999999999,0.017302807249435233,0.004723512120185733
C0334634,"Malignant lymphoma, lymphocytic, intermediate differentiation, diffuse",0.15,0.15,0.0,0.003079061897648686,0.0030591773029503442
C0338480,Common Migraine,0.0,0.0,0.0,9.489108215199575e-05,0.00013331818312390284
C0339527,Leber Congenital Amaurosis,0.05,0.0,-0.05,0.0014211143385393292,0.0005815649910417198
C0339535,"Night blindness, congenital stationary",0.15,0.2,0.05000000000000002,0.004210928937627418,0.00621895676313264
C0341106,Eosinophilic esophagitis,0.0,0.1,0.1,0.00016292361221041207,0.001975561656793612
C0344388,Platelet mean volume finding,0.0,0.0,0.0,0.000331805686148376,0.00032474371784489193
C0346153,"Breast Cancer, Familial",0.15,0.15,0.0,0.004352047381286892,0.006976222504048816
C0346647,Malignant neoplasm of pancreas,0.0,0.1,0.1,0.00034579814964459156,0.0034544111209051606
C0349639,Juvenile Myelomonocytic Leukemia,0.0,0.1,0.1,0.0009740179102573221,0.004582186891027634
C0349788,Arrhythmogenic Right Ventricular Dysplasia,0.1,0.0,-0.1,0.0020163496624474777,0.0007943554174065128
C0376358,Malignant neoplasm of prostate,0.02857142857142857,0.014285714285714285,-0.014285714285714285,0.0011776369411014486,0.0010924884454870307
C0376634,Craniofacial Abnormalities,0.04952380952380951,0.04238095238095237,-0.007142857142857138,0.0026854041424665053,0.002612599252092615
C0392557,Nuclear cataract,0.0,0.0,0.0,0.0003898134606847265,0.0004971495455775726
C0393706,Early infantile epileptic encephalopathy with suppression bursts,0.05,0.05,0.0,0.0011585711077812598,0.0012032836059986051
C0400966,Non-alcoholic Fatty Liver Disease,0.0,0.0,0.0,0.0004282951826433486,0.0006311135660967769
C0403553,Renal dysplasia and retinal aplasia (disorder),0.0,0.0,0.0,0.0004645277788815843,0.0003853991296055877
C0424295,Hyperactive behavior,0.06666666666666667,0.06666666666666667,0.0,0.007056409933937016,0.0040502732671697786
C0428977,Bradycardia,0.0,0.06666666666666667,0.06666666666666667,0.0008060791775707406,0.0022322727248071045
C0431362,Lobar Holoprosencephaly,0.0,0.0,0.0,0.00021372365485643083,0.0001423743872741142
C0431363,Alobar Holoprosencephaly,0.0,0.0,0.0,0.00021372365485643083,0.0001423743872741142
C0455806,Infant length,0.0,0.0,0.0,0.00016750437144243848,9.96578547963068e-05
C0455988,"Hydrops Fetalis, Non-Immune",0.0,0.0,0.0,0.0002686751646321141,0.0002192463414554609
C0497327,Dementia,0.1,0.0,-0.1,0.0030377578938507953,0.0014076206181635436
C0520459,Necrotizing Enterocolitis,0.0,0.0,0.0,0.0012108157522465297,0.0010916014788168627
C0524620,Metabolic Syndrome X,0.0,0.025,0.025,0.000500693286931055,0.004474064261762825
C0524851,Neurodegenerative Disorders,0.05833333333333333,0.025,-0.033333333333333326,0.006638261683532871,0.0056788274005882145
C0524909,"Hepatitis B, Chronic",0.0,0.0,0.0,0.0005113506776375881,0.0006137862434499571
C0546837,Malignant neoplasm of esophagus,0.0,0.05,0.05,0.001516928391671369,0.0020026047395895067
C0567312,Menopause present (finding),0.0,0.0,0.0,0.00020588101555238215,0.00014655429401170937
C0598608,Hyperhomocysteinemia,0.0,0.0,0.0,0.00036382363299476727,0.0003824384612950972
C0600467,Neurogenic Inflammation,0.1,0.0,-0.1,0.0024001007368125702,0.00022504347746878924
C0677050,Manganese Poisoning,0.1,0.1,0.0,0.003649816044727419,0.005490318099928438
C0677776,Hereditary Breast and Ovarian Cancer Syndrome,0.15,0.15,0.0,0.011906602359693983,0.008937386108531514
C0677886,Epithelial ovarian cancer,0.0,0.0,0.0,0.0005663301095065396,0.000373244578861645
C0699790,Colon Carcinoma,0.06666666666666667,0.11666666666666665,0.04999999999999999,0.002900302751976158,0.008248866613545385
C0740392,"Infarction, Middle Cerebral Artery",0.06666666666666667,0.06666666666666667,0.0,0.004027985034296784,0.008073702245416908
C0751617,Semilobar Holoprosencephaly,0.0,0.0,0.0,0.00021372365485643083,0.0001423743872741142
C0751778,"Myoclonic Epilepsies, Progressive",0.0,0.0,0.0,0.00044972966627845337,0.0005342281059563425
C0752166,Bardet-Biedl Syndrome,0.0,0.0,0.0,0.00023815852468174592,0.0005341900866298982
C0752347,Lewy Body Disease,0.05,0.05,0.0,0.003974445411257278,0.013428619867245844
C0848558,Hypospadias,0.0,0.0,0.0,0.00011528260620112746,0.00019229974760989575
C0853897,Diabetic Cardiomyopathies,0.0,0.0,0.0,0.0005991189870196385,0.000723483338337615
C0860207,Drug-Induced Liver Injury,0.016666666666666666,0.041666666666666664,0.024999999999999998,0.0009392314045051104,0.0018263761457327078
C0878544,Cardiomyopathies,0.04444444444444444,0.04444444444444444,0.0,0.0014141380894526793,0.0016807082043680335
C0887833,"Carcinoma, Pancreatic Ductal",0.0,0.0,0.0,0.000767580674129305,0.000501273049395972
C0917796,"Optic Atrophy, Hereditary, Leber",0.7,0.7,0.0,0.13851348503463495,0.14732760866052091
C0919267,ovarian neoplasm,0.07333333333333333,0.09444444444444444,0.02111111111111111,0.004066560040100197,0.004620172453680184
C0920269,Microsatellite Instability,0.05,0.05,0.0,0.001088891679667757,0.0015070315847893817
C0948089,Acute Coronary Syndrome,0.03333333333333333,0.06666666666666667,0.03333333333333333,0.002984742517090523,0.0033238015866492152
C0949658,"Cardiomyopathy, Hypertrophic, Familial",0.0,0.0,0.0,0.00025534154619845167,0.0002942576061774955
C0993582,"Arthritis, Experimental",0.03333333333333333,0.025,-0.008333333333333331,0.0023406708220646078,0.001259520224042355
C1112705,Nuclear non-senile cataract,0.0,0.0,0.0,0.0003898134606847265,0.0004971495455775726
C1136249,"Mental Retardation, X-Linked",0.0,0.0,0.0,0.00013990461867511065,0.00021580085200323526
C1140680,Malignant neoplasm of ovary,0.1,0.1,0.0,0.0025108884981308852,0.002073783932497217
C1142166,Brugada Syndrome (disorder),0.0,0.0,0.0,0.0003612306706535084,0.0003436583717325079
C1168401,Squamous cell carcinoma of the head and neck,0.1,0.1,0.0,0.009267826906589597,0.006289608607742506
C1260899,"Anemia, Diamond-Blackfan",0.4,0.45,0.04999999999999999,0.013084472264201147,0.06514525316706203
C1261473,Sarcoma,0.1,0.1,0.0,0.011708858863969931,0.0033496208037135265
C1261502,Finding of Mean Corpuscular Hemoglobin,0.0,0.0,0.0,0.00017562133472836524,0.00011967361739213568
C1262477,Weight decreased,0.0,0.05,0.05,0.0008648044252520737,0.001956096467586811
C1263846,Attention deficit hyperactivity disorder,0.03333333333333333,0.0,-0.03333333333333333,0.0006700669736986805,0.00039902127333166806
C1269683,Major Depressive Disorder,0.0,0.0,0.0,0.00041600313494880557,0.0003001719975245788
C1271104,Blood pressure finding,0.02,0.02,0.0,0.000570718215993793,0.0009619588026128688
C1272641,Systemic arterial pressure,0.02,0.02,0.0,0.000570718215993793,0.0009619588026128688
C1319853,"Asthma, Aspirin-Induced",0.1,0.0,-0.1,0.0019758973061894196,0.0012170552472439316
C1333990,Hereditary Nonpolyposis Colorectal Cancer,0.0,0.0,0.0,0.0006177865063511647,0.0005021801128779739
C1336708,Testicular Germ Cell Tumor,0.0,0.0,0.0,0.00045534155040805827,0.0004079552346582794
C1384666,hearing impairment,0.0,0.05833333333333333,0.05833333333333333,0.0008934609957608035,0.0020935698701757387
C1449861,"Micronuclei, Chromosome-Defective",0.0,0.0,0.0,0.0005442098108979502,0.0008832464310861955
C1458155,Mammary Neoplasms,0.04201219512195122,0.05445121951219513,0.012439024390243907,0.002464150253606767,0.002251541575288378
C1527249,Colorectal Cancer,0.05,0.05,0.0,0.0013558297418428099,0.002329144489002423
C1527336,Sjogren's Syndrome,0.0,0.0,0.0,0.0003441407688829439,0.000271280020011639
C1561643,Chronic Kidney Diseases,0.0,0.0,0.0,9.412066813237916e-05,0.00011321123165343116
C1561955,Fibrinogen Adverse Event,0.0,0.0,0.0,0.00011588963690418235,0.00022178297072507352
C1565489,Renal Insufficiency,0.0,0.0,0.0,0.00018188474387235062,0.00017622809145880473
C1720824,Sudden Cardiac Arrest,0.0,0.0,0.0,0.00024502380435158287,0.0002276598543909471
C1720887,Female Urogenital Diseases,0.0,0.0,0.0,0.00023278190673831664,0.00025764440871470034
C1800706,Idiopathic Pulmonary Fibrosis,0.0,0.0,0.0,0.0002055216121854055,0.0003464809658626169
C1832200,Peroxisome biogenesis disorders,0.0,0.0,0.0,0.00032169846475233393,0.00045485557978386365
C1834752,"MYCOBACTERIUM TUBERCULOSIS, SUSCEPTIBILITY TO (finding)",0.0,0.0,0.0,0.0010479831862386252,0.00031058358505540085
C1838951,LEIGH SYNDROME DUE TO MITOCHONDRIAL COMPLEX I DEFICIENCY,0.75,0.75,0.0,0.030119235619882778,0.026609597128959595
C1838979,MITOCHONDRIAL COMPLEX I DEFICIENCY,0.8,0.8,0.0,0.03887364179557452,0.03904715213813608
C1840235,SOLITARY MEDIAN MAXILLARY CENTRAL INCISOR,0.0,0.0,0.0,0.00021372365485643083,0.0001423743872741142
C1843367,Poor school performance,0.0,0.0,0.0,0.0002656876462540319,0.0002490728760761547
C1861063,"TOBACCO ADDICTION, SUSCEPTIBILITY TO (finding)",0.0,0.0,0.0,0.0003995352946543444,0.00029690100526189755
C1861172,Venous Thromboembolism,0.03333333333333333,0.0,-0.03333333333333333,0.0014420047941325399,0.0006631069805117121
C1862939,AMYOTROPHIC LATERAL SCLEROSIS 1,0.045,0.065,0.020000000000000004,0.002497284750180931,0.0027047544176416758
C1876165,Copper-Overload Cirrhosis,0.1,0.2,0.1,0.0024987246294976453,0.004330748125325573
C1955869,Malformations of Cortical Development,0.0,0.0,0.0,0.0008918744768217845,0.0012350072928154654
C1956346,Coronary Artery Disease,0.014285714285714285,0.014285714285714285,0.0,0.0008447736426365658,0.0007654021590489785
C1959629,Seizure Adverse Event,0.0,0.0,0.0,0.000182240589087095,0.00019009963775260512
C1960469,Left ventricular noncompaction,0.0,0.0,0.0,0.0004815086283712425,0.00048158647439623887
C1961099,Precursor T-Cell Lymphoblastic Leukemia-Lymphoma,0.0,0.0,0.0,0.0008856831380976635,0.0008019938633512826
C1961102,Precursor Cell Lymphoblastic Leukemia Lymphoma,0.05,0.05,0.0,0.001601583527686544,0.0013987701441283242
C2239176,Liver carcinoma,0.046320346320346324,0.04134199134199134,-0.004978354978354985,0.002903804042706634,0.0027568993786409373
C2607914,Allergic rhinitis (disorder),0.0,0.0,0.0,7.332351931762939e-05,0.00010850847882723697
C2609414,Acute kidney injury,0.03333333333333333,0.03333333333333333,0.0,0.0029691205816897246,0.0015527868281662947
C2931456,"Prostate cancer, familial",0.1,0.1,0.0,0.002153765468891032,0.0019403246467601266
C2931673,"Ceroid lipofuscinosis, neuronal 1, infantile",0.0,0.1,0.1,0.0010631306363468678,0.0018233074205920505
C2931822,Nasopharyngeal carcinoma,0.05,0.0,-0.05,0.004332292902678161,0.0014306630857702323
C2936907,NADH:Q(1) Oxidoreductase deficiency,0.75,0.75,0.0,0.03285542710540869,0.03541264427542752
C2937358,Cerebral Hemorrhage,0.0,0.0,0.0,0.0010300438051637655,0.0015717976790606517
C3160718,"PARKINSON DISEASE, LATE-ONSET",0.15,0.15,0.0,0.0045864351212211215,0.011824854385855623
C3160731,Pulmonary function (finding),0.0,0.0,0.0,0.00016465149685413393,0.0001719341121276458
C3463824,MYELODYSPLASTIC SYNDROME,0.0,0.0,0.0,0.0009330195166781527,0.00047177164571802626
C3495498,"Cardiomyopathy, Familial Hypertrophic, 1 (disorder)",0.0,0.0,0.0,0.0002203092107104941,0.00024635370209107646
C3495559,Juvenile arthritis,0.025,0.016666666666666666,-0.008333333333333335,0.0010543905793917734,0.0009392742691906077
C3714756,Intellectual Disability,0.0,0.007692307692307693,0.007692307692307693,0.0005311530360930618,0.0005657294212039865
C3809874,"LEUKEMIA, ACUTE LYMPHOBLASTIC, SUSCEPTIBILITY TO, 3",0.1,0.05,-0.05,0.0029455776031091065,0.0029366031027186546
C3875321,Inflammatory dermatosis,0.03333333333333333,0.0,-0.03333333333333333,0.0005594453318837785,0.00017836740720995772
