Disease ID,Disease Name,Num Genes (total),Num Genes (in PPI),Num Components,Num Internal Edges,Size of largest pathway component,Density of pathway,Conductance,Network Modularity,Distance of Pathway Components,Spatial Network Association (p-value)
C0036095,Salivary Gland Neoplasms,45,44,37,19,0.09090909090909091,0.0200845665961945,0.9822678488100793,9.140511748631423e-05,2.9253003003003,
C0033941,"Psychoses, Substance-Induced",17,17,12,16,0.35294117647058826,0.11764705882352941,0.988476773496579,6.057247193692097e-05,2.840909090909091,
C0043459,Zellweger Syndrome,15,15,1,37,1.0,0.3523809523809524,0.8634686346863468,0.00021489796585383433,,
C0033860,Psoriasis,80,64,44,58,0.3125,0.028769841269841268,0.9748591244039878,0.00024801251647760253,3.0088266384778013,
C0027726,Nephrotic Syndrome,21,21,18,18,0.09523809523809523,0.08571428571428572,0.9742857142857143,9.679324421438597e-05,2.781045751633987,
C0338480,Common Migraine,12,11,11,5,0.09090909090909091,0.09090909090909091,0.9711815561959655,2.8695951142564336e-05,3.1818181818181817,
C0026636,Mouth Diseases,12,12,9,10,0.25,0.15151515151515152,0.9826539462272333,5.27479636966036e-05,2.8194444444444446,
C1838979,MITOCHONDRIAL COMPLEX I DEFICIENCY,28,27,6,152,0.8148148148148148,0.43304843304843305,0.8032362459546926,0.0008777892867949786,3.1515151515151514,
C0236969,Substance-Related Disorders,114,105,89,38,0.10476190476190476,0.00695970695970696,0.9780346820809248,0.00017092214022235768,3.268113334571455,
C0002878,"Anemia, Hemolytic",12,12,10,10,0.25,0.15151515151515152,0.9580712788259959,5.744859327357119e-05,2.725925925925926,
C0003873,Rheumatoid Arthritis,219,211,107,211,0.45023696682464454,0.009523809523809525,0.9551921851773201,0.0008542563152435785,3.2400843627319045,
C0003872,"Arthritis, Psoriatic",17,15,13,12,0.2,0.11428571428571428,0.9782016348773842,6.493182082438836e-05,2.8376068376068377,
C0002871,Anemia,27,26,23,15,0.07692307692307693,0.046153846153846156,0.9718574108818011,8.278114643274896e-05,2.947628458498024,
C0206698,Cholangiocarcinoma,24,24,11,32,0.5833333333333334,0.11594202898550725,0.9838383838383838,0.00012004370787697049,2.7675324675324675,
C0206754,Neuroendocrine Tumors,10,10,9,5,0.2,0.1111111111111111,0.984375,2.7462259843969477e-05,2.5,
C0024530,Malaria,21,20,17,13,0.1,0.06842105263157895,0.9693034238488784,7.288453115590735e-05,2.9908088235294117,
C0598608,Hyperhomocysteinemia,11,11,10,8,0.18181818181818182,0.14545454545454545,0.9674134419551935,4.5706933535063026e-05,2.933333333333333,
C0019693,HIV Infections,100,99,21,339,0.7272727272727273,0.06988249845392702,0.9533186450013771,0.0010805121195084965,2.9529012345679013,
C0038013,Ankylosing spondylitis,15,14,12,8,0.21428571428571427,0.08791208791208792,0.978494623655914,4.437399781198469e-05,3.1515151515151514,
C0010606,Adenoid Cystic Carcinoma,100,99,47,138,0.494949494949495,0.02844774273345702,0.96602658788774,0.0005246315216307896,3.08985444316487,
C3495559,Juvenile arthritis,128,122,84,94,0.2540983606557377,0.01273540170708576,0.9697603345665112,0.0003842549203118985,2.9872415931005123,
C0027659,"Neoplasms, Experimental",35,33,19,46,0.3939393939393939,0.08712121212121213,0.9732946298984034,0.00021809937922394714,2.644399460188934,
C0027658,"Neoplasms, Germ Cell and Embryonal",13,13,12,7,0.15384615384615385,0.08974358974358974,0.9682539682539683,4.0063806141768085e-05,3.037878787878788,
C0002171,Alopecia Areata,11,9,7,7,0.3333333333333333,0.19444444444444445,0.9354838709677419,4.069258168420914e-05,3.253968253968254,
C0002170,Alopecia,15,14,12,7,0.14285714285714285,0.07692307692307693,0.9867549668874173,3.612726990064514e-05,2.8143939393939394,
C0428977,Bradycardia,24,24,19,14,0.16666666666666666,0.050724637681159424,0.9452054794520548,8.06729830914968e-05,3.075980392156863,
C0009447,Common Variable Immunodeficiency,12,12,8,12,0.3333333333333333,0.18181818181818182,0.9770773638968482,6.542664369625665e-05,2.611607142857143,
C0017658,Glomerulonephritis,30,28,15,36,0.2857142857142857,0.09523809523809523,0.9618845950238222,0.00019508675407384386,2.794113756613757,
C0001973,"Alcoholic Intoxication, Chronic",41,38,32,20,0.10526315789473684,0.02844950213371266,0.9670781893004116,0.00011054087932376352,3.190524193548387,
C0273115,Lung Injury,20,20,15,20,0.15,0.10526315789473684,0.9874450721908349,7.353593787389918e-05,2.62936507936508,
C1136249,"Mental Retardation, X-Linked",22,18,18,3,0.05555555555555555,0.0196078431372549,0.9892280071813285,1.6202245276663473e-05,2.947712418300654,
C0038454,Cerebrovascular accident,38,37,23,41,0.35135135135135137,0.06156156156156156,0.9637649138311976,0.00021767190809620756,2.8350055741360087,
C0019284,Diaphragmatic Hernia,41,40,33,28,0.1,0.035897435897435895,0.974706413730804,0.0001426627510718582,2.778409090909091,
C0282612,Prostatic Intraepithelial Neoplasias,11,11,5,16,0.5454545454545454,0.2909090909090909,0.9846079846079846,7.503205695867914e-05,2.083333333333333,
C0751617,Semilobar Holoprosencephaly,14,14,10,7,0.21428571428571427,0.07692307692307693,0.9583333333333334,4.041184845495148e-05,3.2462962962962965,
C0035258,Restless Legs Syndrome,14,6,6,3,0.16666666666666666,0.2,0.9710144927536232,1.734297598129517e-05,2.8666666666666667,
C1142166,Brugada Syndrome (disorder),15,15,14,7,0.13333333333333333,0.06666666666666667,0.9527027027027027,4.051969315292503e-05,3.0604395604395602,
C0013990,Pathological accumulation of air in tissues,11,10,9,6,0.2,0.13333333333333333,0.9922978177150192,2.4696384623937167e-05,2.5,
C0018671,Head and Neck Neoplasms,23,23,13,28,0.43478260869565216,0.11067193675889328,0.9801065719360569,0.00012976904290779403,2.9903846153846154,
C0006118,Brain Neoplasms,23,23,15,29,0.34782608695652173,0.11462450592885376,0.9764514819326026,0.0001435365960112529,2.808333333333333,
C0018772,"Hearing Loss, Partial",27,22,22,7,0.045454545454545456,0.030303030303030304,0.9701492537313433,3.995510824217792e-05,3.2554112554112553,
C0008625,Chromosome Aberrations,15,15,13,11,0.13333333333333333,0.10476190476190476,0.9762931034482759,6.058733897707222e-05,2.6538461538461537,
C0023434,Chronic Lymphocytic Leukemia,62,49,30,43,0.32653061224489793,0.036564625850340135,0.9802071346375144,0.00017066462261204352,3.1289511494252875,
C0034951,Refractive Errors,19,18,18,6,0.05555555555555555,0.0392156862745098,0.9722863741339491,3.425171067923799e-05,3.104575163398693,
C0019196,Hepatitis C,15,15,15,9,0.06666666666666667,0.08571428571428572,0.9709208400646203,5.094274242531635e-05,3.0095238095238095,
C0025500,Mesothelioma,41,41,21,45,0.4878048780487805,0.054878048780487805,0.9801587301587301,0.00017511216269577328,2.859642857142857,
C0242379,Malignant neoplasm of lung,16,16,12,12,0.1875,0.1,0.9781221513217867,6.496932757224199e-05,2.9797979797979797,
C3875321,Inflammatory dermatosis,40,34,33,12,0.058823529411764705,0.0213903743315508,0.985594237695078,5.8262534920067116e-05,2.834280303030303,
C0162809,Kallmann Syndrome,20,20,17,9,0.2,0.04736842105263158,0.9428571428571428,5.2154015848487035e-05,3.5091911764705883,
C0023794,Lipoidosis,19,19,16,8,0.15789473684210525,0.04678362573099415,0.974960876369327,4.499348625361099e-05,2.963888888888889,
C0011849,Diabetes Mellitus,29,28,21,24,0.14285714285714285,0.06349206349206349,0.9815950920245399,0.0001111902042296243,2.7450396825396823,
C0016059,Fibrosis,41,40,21,53,0.25,0.06794871794871794,0.9633217993079585,0.0002739918093414474,3.1478174603174605,
C0020443,Hypercholesterolemia,22,21,18,15,0.19047619047619047,0.07142857142857142,0.9737072743207712,8.207501535606423e-05,2.823529411764706,
C0025958,Microcephaly,25,23,17,16,0.17391304347826086,0.06324110671936758,0.9835221421215242,7.738210298866149e-05,2.3958333333333335,
C0040411,Tongue Neoplasms,10,9,8,8,0.2222222222222222,0.2222222222222222,0.9838056680161943,4.257114844154246e-05,2.607142857142857,
C0027720,Nephrosis,15,15,7,19,0.26666666666666666,0.18095238095238095,0.97264218862491,0.00010276604448765387,2.8273809523809526,
C0007273,Carotid Artery Diseases,11,11,10,10,0.18181818181818182,0.18181818181818182,0.9857651245551602,4.999802628454155e-05,2.566666666666667,
C0018273,Growth Disorders,33,32,29,15,0.125,0.03024193548387097,0.9791955617198336,7.875826617710009e-05,2.9082512315270934,
C0014553,Absence Epilepsy,10,9,9,2,0.1111111111111111,0.05555555555555555,0.9836065573770492,1.1429865700688417e-05,2.9722222222222223,
C0014556,"Epilepsy, Temporal Lobe",23,23,21,13,0.08695652173913043,0.05138339920948617,0.9516728624535316,7.471023353451163e-05,2.8702380952380953,
C0025261,Memory Disorders,37,36,24,33,0.3611111111111111,0.05238095238095238,0.984561403508772,0.0001148194982640928,3.1307134894091417,
C0007370,Catalepsy,15,15,14,5,0.13333333333333333,0.047619047619047616,0.9839743589743589,2.7548535602281704e-05,2.8131868131868134,
C1333990,Hereditary Nonpolyposis Colorectal Cancer,13,13,5,20,0.46153846153846156,0.2564102564102564,0.9657827202737382,0.00011100870689292056,2.5333333333333337,
C0023487,Acute Promyelocytic Leukemia,31,29,13,38,0.5517241379310345,0.09359605911330049,0.9725631768953069,0.0001892604314724305,2.9547275641025643,
C0023485,Precursor B-Cell Lymphoblastic Leukemia-Lymphoma,11,11,9,8,0.2727272727272727,0.14545454545454545,0.9843597262952102,4.227088542499567e-05,2.3703703703703707,
C0018099,Gout,10,10,10,5,0.1,0.1111111111111111,0.959349593495935,2.895145519673912e-05,3.2,
C1956346,Coronary Artery Disease,67,63,49,46,0.15873015873015872,0.023553507424475168,0.9736011477761837,0.00021691684163477229,3.0436649659863946,
C1861172,Venous Thromboembolism,36,31,22,21,0.3225806451612903,0.04516129032258064,0.954983922829582,0.0001189668777154298,3.1878787878787884,
C0032927,Precancerous Conditions,91,69,41,70,0.37681159420289856,0.029838022165387893,0.9707968293700459,0.0003108913675802208,2.960060975609756,
C0010346,Crohn Disease,105,87,61,59,0.16091954022988506,0.015771184175354183,0.9741114523913997,0.00025604559841144295,3.259141295862607,
C0007873,Uterine Cervical Neoplasm,22,21,10,22,0.5714285714285714,0.10476190476190476,0.9846315054139015,9.355482748559315e-05,2.992592592592593,
C0013386,"Dyskinesia, Drug-Induced",15,15,14,7,0.13333333333333333,0.06666666666666667,0.9654320987654321,4.0193731700395124e-05,2.8351648351648353,
C0022336,Creutzfeldt-Jakob disease,14,13,13,4,0.07692307692307693,0.05128205128205128,0.9791666666666666,2.2738645012599252e-05,3.3974358974358974,
C0087012,"Ataxia, Spinocerebellar",16,15,10,8,0.4,0.0761904761904762,0.9886039886039886,3.832616271307457e-05,2.4703703703703703,
C0917796,"Optic Atrophy, Hereditary, Leber",16,14,6,18,0.6428571428571429,0.1978021978021978,0.9300970873786408,0.00010402316897161666,3.1703703703703705,
C0023891,"Liver Cirrhosis, Alcoholic",16,16,10,17,0.25,0.14166666666666666,0.9781350482315112,8.899738222180475e-05,3.022222222222222,
C0242488,Acute Lung Injury,16,16,15,13,0.125,0.10833333333333334,0.9788617886178862,6.949095969362666e-05,2.519047619047619,
C0023893,"Liver Cirrhosis, Experimental",109,107,55,114,0.34579439252336447,0.020102274731087992,0.9571670110839752,0.0005451047752885583,3.2841750555587033,
C0263454,Chloracne,33,33,21,27,0.3333333333333333,0.05113636363636364,0.9806797853309481,0.00012440576567994253,2.9079004329004325,
C0023895,Liver diseases,67,65,48,48,0.1076923076923077,0.023076923076923078,0.971764705882353,0.00023109726331852273,3.129865332657886,
C0022661,"Kidney Failure, Chronic",45,44,24,48,0.4318181818181818,0.0507399577167019,0.9647706422018348,0.0002487345427023876,3.0137935418255783,
C1262477,Weight decreased,18,18,18,8,0.05555555555555555,0.05228758169934641,0.9748427672955975,4.500980373655489e-05,2.8300653594771243,
C0023264,Leigh Disease,35,31,15,69,0.5483870967741935,0.14838709677419354,0.9082446808510638,0.00039344293449313216,2.9708683473389357,
C0007570,Celiac Disease,55,38,33,15,0.07894736842105263,0.021337126600284494,0.9709583736689255,8.307664005170599e-05,3.106691919191919,
C0017601,Glaucoma,22,21,20,8,0.09523809523809523,0.0380952380952381,0.9721739130434782,4.532493805932873e-05,3.123684210526316,
C0039231,Tachycardia,17,17,16,9,0.11764705882352941,0.0661764705882353,0.9643564356435643,5.148937170576698e-05,2.8125,
C0346153,"Breast Cancer, Familial",14,12,4,31,0.75,0.4696969696969697,0.9785911602209945,0.0001453213958992852,2.1296296296296293,
C0022116,Ischemia,27,27,16,29,0.4444444444444444,0.08262108262108261,0.9795558688755728,0.00013508051372695216,2.96875,
C0032580,Adenomatous Polyposis Coli,10,9,8,5,0.2222222222222222,0.1388888888888889,0.9915611814345991,2.3219181021411154e-05,2.6964285714285716,
C0040128,Thyroid Diseases,12,12,12,7,0.08333333333333333,0.10606060606060606,0.9624664879356568,4.029993825079404e-05,2.7818181818181817,
C0030319,Panic Disorder,13,8,8,4,0.125,0.14285714285714285,0.9617224880382775,2.318135005701426e-05,2.857142857142857,
C0009404,Colorectal Neoplasms,232,213,87,331,0.5774647887323944,0.014660288776685269,0.9490965013456363,0.0012121664993292364,3.3933606871487054,
C0001624,Adrenal Gland Neoplasms,11,11,3,19,0.6363636363636364,0.34545454545454546,0.9862617498192335,7.835835346508543e-05,2.4761904761904763,
C0038644,Sudden infant death syndrome,13,12,10,7,0.25,0.10606060606060606,0.9477611940298507,4.0587061961023886e-05,3.4592592592592593,
C0027819,Neuroblastoma,49,44,20,56,0.2727272727272727,0.05919661733615222,0.9799892799714133,0.00019350897931813066,2.861951754385965,
C2931456,"Prostate cancer, familial",13,13,10,11,0.3076923076923077,0.14102564102564102,0.9817123857024106,5.808735127619229e-05,2.861111111111111,
C0024667,Animal Mammary Neoplasms,138,137,28,363,0.7883211678832117,0.03896522112494633,0.9570972698262616,0.0008990292019254826,3.177722254882749,
C0029422,Osteochondrodysplasias,15,15,12,11,0.2,0.10476190476190476,0.973621103117506,6.129390945257065e-05,3.103535353535354,
C0041755,Adverse reaction to drug,54,53,37,42,0.1320754716981132,0.030478955007256895,0.9651741293532339,0.00022054223653734885,3.049817674817675,
C0015625,Fanconi Anemia,19,19,3,55,0.8947368421052632,0.3216374269005848,0.9053356282271945,0.0003155456341756262,2.607843137254902,
C0751778,"Myoclonic Epilepsies, Progressive",12,12,11,7,0.16666666666666666,0.10606060606060606,0.9731285988483686,3.973549411855015e-05,2.809090909090909,
C0206762,"Limb Deformities, Congenital",16,15,14,6,0.13333333333333333,0.05714285714285714,0.9800995024875622,3.350038124136755e-05,2.901098901098901,
C0429087,Electrocardiogram: P-R interval,10,9,9,3,0.1111111111111111,0.08333333333333333,0.9830028328611898,1.6994187116613962e-05,2.9166666666666665,
C0024668,"Mammary Neoplasms, Experimental",152,151,30,411,0.7880794701986755,0.03629139072847682,0.9539495798319327,0.001041784184103665,3.0959093982420556,
C0018824,Heart valve disease,24,24,20,16,0.125,0.057971014492753624,0.9761904761904762,8.576492937317582e-05,2.680701754385965,
C0079744,Diffuse Large B-Cell Lymphoma,38,36,17,49,0.3055555555555556,0.07777777777777778,0.9707898658718331,0.00023823594668325091,2.500919117647059,
C0019158,Hepatitis,20,18,15,18,0.1111111111111111,0.11764705882352941,0.968421052631579,9.961051630627348e-05,2.7857142857142856,
C0271650,Impaired glucose tolerance,13,11,8,11,0.36363636363636365,0.2,0.9760869565217392,6.065040764837054e-05,2.6339285714285716,
C0162666,Mitochondrial Encephalomyopathies,15,11,8,6,0.2727272727272727,0.10909090909090909,0.9776951672862454,3.3816769770444546e-05,2.6666666666666665,
C0019151,Hepatic Encephalopathy,13,13,10,11,0.15384615384615385,0.14102564102564102,0.9733656174334141,6.135056204699704e-05,2.55,
C0026769,Multiple Sclerosis,109,88,67,57,0.19318181818181818,0.014890282131661442,0.9703588143525741,0.00026988804556226287,3.18133264160481,
C0600467,Neurogenic Inflammation,12,12,9,8,0.25,0.12121212121212122,0.9938603223330775,1.7763915849781392e-05,3.356481481481482,
C0024141,"Lupus Erythematosus, Systemic",88,74,62,41,0.06756756756756757,0.015179563124768604,0.9663658736669402,0.0002141623694556261,3.0461924907456375,
C2931673,"Ceroid lipofuscinosis, neuronal 1, infantile",10,10,8,7,0.3,0.15555555555555556,0.985200845665962,3.707574439480869e-05,2.5476190476190474,
C0152013,Adenocarcinoma of lung (disorder),48,46,20,59,0.4782608695652174,0.057004830917874394,0.9778070340417528,0.00022407133056145218,2.6914673046251996,
C0175702,Williams Syndrome,10,10,10,3,0.1,0.06666666666666667,0.9914285714285714,1.5435425961343984e-05,2.533333333333333,
C0268362,Osteogenesis imperfecta type III (disorder),11,11,7,7,0.2727272727272727,0.12727272727272726,0.9766277128547579,3.9362815605606144e-05,2.544973544973545,
C0268363,Osteogenesis imperfecta type IV (disorder),10,10,8,5,0.3,0.1111111111111111,0.9665551839464883,2.8828231537844194e-05,2.761904761904762,
C0241910,"Hepatitis, Autoimmune",17,17,15,14,0.17647058823529413,0.10294117647058823,0.9253333333333333,8.118702006604055e-05,3.098412698412698,
C0033578,Prostatic Neoplasms,485,468,101,1502,0.782051282051282,0.01374476106810154,0.9090496230585243,0.004120716824859046,3.4238960125520745,
C2936907,NADH:Q(1) Oxidoreductase deficiency,20,20,4,95,0.85,0.5,0.8482428115015974,0.0005482957369373688,2.8333333333333335,
C0848558,Hypospadias,19,14,14,3,0.07142857142857142,0.03296703296703297,0.9831932773109243,1.6982071652170343e-05,2.9450549450549453,
C0026764,Multiple Myeloma,39,39,28,34,0.2564102564102564,0.04588394062078273,0.9719818706221672,0.00017349720114289595,2.9666666666666663,
C0015695,Fatty Liver,63,48,31,43,0.10416666666666667,0.038120567375886524,0.9743666169895678,0.00020318440631401883,2.766525089605735,
C0023290,"Leishmaniasis, Visceral",14,12,10,13,0.16666666666666666,0.19696969696969696,0.93048128342246,7.534829191169163e-05,2.738888888888889,
C0393706,Early infantile epileptic encephalopathy with suppression bursts,18,18,17,8,0.1111111111111111,0.05228758169934641,0.9823204419889503,4.324141944976675e-05,2.8529411764705883,
C0022521,Kartagener Syndrome,28,24,23,1,0.08333333333333333,0.0036231884057971015,0.9922480620155039,5.557960797261955e-06,3.4209486166007905,
C0005586,Bipolar Disorder,72,63,50,34,0.07936507936507936,0.017409114183307733,0.984033810753698,0.00012124391953987948,3.151374149659864,
C0242350,Erectile dysfunction,10,10,8,9,0.2,0.2,0.9642147117296223,5.1497971979035003e-05,2.6607142857142856,
C0265215,Meckel-Gruber syndrome,15,14,5,16,0.5,0.17582417582417584,0.9760479041916168,8.585639259784552e-05,2.2464285714285714,
C0005612,Birth Weight,10,10,10,3,0.1,0.06666666666666667,0.9607843137254902,1.7425907188799532e-05,3.1777777777777776,
C0004352,Autistic Disorder,254,233,115,245,0.296137339055794,0.009064673671747818,0.9570853039061131,0.0008751085995009143,3.1084730731531303,
C0023904,"Liver Neoplasms, Experimental",95,53,31,55,0.39622641509433965,0.03991291727140784,0.9766454352441614,0.00022666822491413296,3.0824031404676564,
C1961099,Precursor T-Cell Lymphoblastic Leukemia-Lymphoma,18,18,8,22,0.6111111111111112,0.1437908496732026,0.9793233082706767,0.00010920418951315022,2.529220779220779,
C0027404,Narcolepsy,25,18,16,4,0.1111111111111111,0.026143790849673203,0.9607843137254902,2.3190159364777166e-05,3.4458333333333333,
C0015967,Fever,21,20,18,15,0.15,0.07894736842105263,0.9609375,8.511265665522893e-05,3.0501089324618738,
C0001418,Adenocarcinoma,108,106,33,247,0.6886792452830188,0.044384546271338726,0.9598732840549102,0.000796395736453752,3.135805832295558,
C0887833,"Carcinoma, Pancreatic Ductal",20,20,14,19,0.25,0.1,0.9741144414168937,0.0001018031935443963,2.539194139194139,
C0740392,"Infarction, Middle Cerebral Artery",25,25,18,27,0.28,0.09,0.9708108108108108,0.00014313151716292672,2.633986928104575,
C0020538,Hypertensive disease,195,189,55,317,0.6931216931216931,0.017843071034560395,0.9512682551883167,0.0011298246707301136,3.2712697574428815,
C0349639,Juvenile Myelomonocytic Leukemia,19,19,16,13,0.15789473684210525,0.07602339181286549,0.9824086603518268,6.662597656131624e-05,2.4277777777777776,
C0023343,Leprosy,26,18,15,11,0.16666666666666666,0.0718954248366013,0.9741784037558685,6.11644446230253e-05,3.1492063492063496,
C0027051,Myocardial Infarction,88,86,36,116,0.5116279069767442,0.03173734610123119,0.9634127109288756,0.0005061342405054748,3.0539231601731602,
C0042109,Urticaria,16,16,16,10,0.0625,0.08333333333333333,0.9840255591054313,5.173224837439494e-05,2.7333333333333334,
C0003811,Cardiac Arrhythmia,20,20,18,12,0.15,0.06315789473684211,0.9593220338983051,6.861808313811899e-05,2.886710239651416,
C0018995,Hemochromatosis,12,12,8,7,0.25,0.10606060606060606,0.9465648854961832,4.0600627868371184e-05,3.2113095238095233,
C0030297,Pancreatic Neoplasm,80,80,29,150,0.6125,0.04746835443037975,0.959709911361805,0.0006397685517145119,3.2474741127978284,
C0020507,Hyperplasia,26,26,18,23,0.23076923076923078,0.07076923076923076,0.9820872274143302,0.00010623151525926381,2.8026506899055916,
C0030354,Papilloma,11,11,9,12,0.18181818181818182,0.21818181818181817,0.9879578524836929,5.315828546949557e-05,2.4583333333333335,
C0030193,Pain,48,45,41,24,0.044444444444444446,0.024242424242424242,0.9739837398373984,0.00012568456148760965,3.146951219512195,
C0000768,Congenital Abnormality,11,11,10,5,0.18181818181818182,0.09090909090909091,0.984984984984985,2.7317403255386355e-05,2.7444444444444445,
C1834752,"MYCOBACTERIUM TUBERCULOSIS, SUSCEPTIBILITY TO (finding)",12,10,8,9,0.2,0.2,0.926530612244898,5.232124338643762e-05,3.0714285714285716,
C0022658,Kidney Diseases,90,83,53,68,0.1686746987951807,0.01998236849838378,0.9649213309259737,0.0003331278649842549,3.2103799502384405,
C0206062,"Lung Diseases, Interstitial",16,15,15,7,0.06666666666666667,0.06666666666666667,0.9836829836829837,3.775298179513524e-05,2.8380952380952382,
C0007117,Basal cell carcinoma,29,22,19,8,0.13636363636363635,0.03463203463203463,0.9908727895037079,3.362590427881798e-05,2.961988304093567,
C2239176,Liver carcinoma,222,217,41,687,0.815668202764977,0.029313876088069638,0.9354959861039388,0.002077774185714783,3.1585228055670385,
C0206726,gliosarcoma,16,15,12,13,0.26666666666666666,0.12380952380952381,0.9908771929824561,4.129434912593357e-05,2.5606060606060606,
C0948089,Acute Coronary Syndrome,31,31,10,57,0.6451612903225806,0.12258064516129032,0.9734327662549522,0.0002544409776634513,2.5407407407407407,
C0029927,Ovarian Cysts,35,31,31,8,0.03225806451612903,0.017204301075268817,0.9900062460961899,3.5800749600955326e-05,3.0301075268817206,
C0036346,"Schizophrenia, Childhood",16,15,15,3,0.06666666666666667,0.02857142857142857,0.9908814589665653,1.567874202889666e-05,3.057142857142857,
C0206686,Adrenocortical carcinoma,17,17,6,30,0.7058823529411765,0.22058823529411764,0.9837354296557332,0.00011720278076721479,2.5777777777777775,
C0036341,Schizophrenia,280,238,125,252,0.3949579831932773,0.008935219657483246,0.9668943772990016,0.000483431127078828,3.247988136459687,
C0333641,Atrophic,10,10,9,7,0.2,0.15555555555555556,0.9866412213740458,3.620808943382087e-05,2.486111111111111,
C1800706,Idiopathic Pulmonary Fibrosis,17,16,12,11,0.125,0.09166666666666666,0.9623287671232876,6.280620950797813e-05,3.0454545454545454,
C0431362,Lobar Holoprosencephaly,14,14,10,7,0.21428571428571427,0.07692307692307693,0.9583333333333334,4.041184845495148e-05,3.2462962962962965,
C0431363,Alobar Holoprosencephaly,14,14,10,7,0.21428571428571427,0.07692307692307693,0.9583333333333334,4.041184845495148e-05,3.2462962962962965,
C0021051,Immunologic Deficiency Syndromes,17,17,11,12,0.35294117647058826,0.08823529411764706,0.9418886198547215,6.937543191425061e-05,2.92962962962963,
C0004134,Ataxia,15,15,12,6,0.13333333333333333,0.05714285714285714,0.9603960396039604,3.4659882383896224e-05,3.246212121212121,
C0279628,Adenocarcinoma Of Esophagus,14,14,8,12,0.5,0.13186813186813187,0.9875195007800313,5.432768375213144e-05,2.5357142857142856,
C0035334,Retinitis Pigmentosa,79,69,46,57,0.08695652173913043,0.024296675191815855,0.9656108597285068,0.0002861095049417128,3.2230563607085347,
C0279626,Squamous cell carcinoma of esophagus,85,82,28,141,0.6707317073170732,0.04245709123757904,0.9708195364238411,0.00042529629939282946,2.9932178932178934,
C0004364,Autoimmune Diseases,33,33,26,28,0.15151515151515152,0.05303030303030303,0.9765984120351023,0.00013914477426622485,2.8216923076923077,
C0011991,Diarrhea,10,10,9,3,0.2,0.06666666666666667,0.9689119170984456,1.7366865629557962e-05,3.5,
C0151744,Myocardial Ischemia,171,168,63,264,0.6071428571428571,0.018819503849443968,0.960219995479545,0.0007907142491109869,3.005888376856119,
C0085580,Essential Hypertension,21,13,9,7,0.38461538461538464,0.08974358974358974,0.9752212389380531,3.953164716263593e-05,2.8333333333333335,
C0019209,Hepatomegaly,10,9,9,6,0.1111111111111111,0.16666666666666666,0.9727272727272728,3.422564110054387e-05,2.861111111111111,
C0026848,Myopathy,29,25,21,17,0.08,0.056666666666666664,0.9719934102141681,9.302547127407911e-05,2.9833333333333334,
C0019202,Hepatolenticular Degeneration,24,24,18,20,0.16666666666666666,0.07246376811594203,0.9736147757255936,0.00010703408799270289,2.7834967320261437,
C0015393,Eye Abnormalities,16,14,10,11,0.2857142857142857,0.12087912087912088,0.972636815920398,6.150354111601839e-05,3.0166666666666666,
C0026846,Muscular Atrophy,13,13,11,10,0.23076923076923078,0.1282051282051282,0.98805256869773,4.646470038007339e-05,2.5272727272727273,
C0004782,Basal Ganglia Diseases,12,12,11,4,0.16666666666666666,0.06060606060606061,0.972027972027972,2.301875113848329e-05,3.081818181818182,
C0019163,Hepatitis B,16,16,12,11,0.1875,0.09166666666666666,0.9523809523809523,6.335060339978911e-05,3.305555555555556,
C0024115,Lung diseases,49,45,34,32,0.08888888888888889,0.03232323232323232,0.9733666250520183,0.00016230787007229908,2.9462269756387407,
C0024117,Chronic Obstructive Airway Disease,51,46,36,26,0.10869565217391304,0.025120772946859903,0.9827757535607817,0.00011300806568435272,3.0758095238095238,
C0031117,Peripheral Neuropathy,293,279,143,331,0.44802867383512546,0.008535107397952605,0.952609349273391,0.0011012377502359453,3.24167173671399,
C0043094,Weight Gain,89,88,44,85,0.48863636363636365,0.022204806687565307,0.9778154769672452,0.000246056769092247,3.09243325630562,
C0011053,Deafness,18,15,14,5,0.13333333333333333,0.047619047619047616,0.9835255354200988,2.763781036459052e-05,3.17032967032967,
C0403553,Renal dysplasia and retinal aplasia (disorder),10,10,5,12,0.5,0.26666666666666666,0.9623233908948194,6.837206668710224e-05,2.76,
C1263846,Attention deficit hyperactivity disorder,43,35,32,8,0.05714285714285714,0.013445378151260505,0.9699812382739212,4.5523461036347036e-05,3.363407258064516,
C0039685,Tetralogy of Fallot,17,15,10,8,0.3333333333333333,0.0761904761904762,0.9593908629441624,4.607314904485634e-05,3.0733333333333337,
C0524851,Neurodegenerative Disorders,37,37,17,53,0.4864864864864865,0.07957957957957958,0.9769163763066202,0.00021966690276092331,2.993668300653595,
C0004763,Barrett Esophagus,16,14,12,10,0.14285714285714285,0.10989010989010989,0.9792315680166147,5.446306980163772e-05,2.787878787878788,
C0376634,Craniofacial Abnormalities,149,145,58,191,0.5724137931034483,0.018295019157088123,0.9608967140956085,0.0007086878278590486,3.054829724220536,
C0520459,Necrotizing Enterocolitis,17,17,9,19,0.29411764705882354,0.13970588235294118,0.9745989304812834,0.00010144914895703289,2.723611111111111,
C0020473,Hyperlipidemia,17,17,9,20,0.4117647058823529,0.14705882352941177,0.9660152931180969,0.0001109286424431722,2.6021825396825395,
C3463824,MYELODYSPLASTIC SYNDROME,18,18,14,12,0.16666666666666666,0.0784313725490196,0.9867695700110254,5.6065369840916884e-05,2.6446886446886446,
C0003130,Anoxia,33,32,20,31,0.25,0.0625,0.9788323659952202,0.00014450136239257163,2.708092105263158,
C0149925,Small cell carcinoma of lung,42,40,22,49,0.475,0.06282051282051282,0.9821298322392414,0.00015795721104435942,2.9904306220095696,
C0014544,Epilepsy,66,63,45,46,0.14285714285714285,0.023553507424475168,0.9740333051086649,0.00021517791413746705,3.072490780824114,
C0162557,"Liver Failure, Acute",22,22,16,21,0.2727272727272727,0.09090909090909091,0.9693877551020408,0.00011465012492398429,2.841666666666667,
C1449861,"Micronuclei, Chromosome-Defective",19,18,10,17,0.2222222222222222,0.1111111111111111,0.9728867623604466,9.260433090324962e-05,2.833333333333333,
C0009241,Cognition Disorders,23,23,21,12,0.13043478260869565,0.04743083003952569,0.992583436341162,2.543073534754976e-05,2.880952380952381,
C0085110,Severe Combined Immunodeficiency,11,11,6,8,0.45454545454545453,0.14545454545454545,0.9724137931034482,4.530030185945711e-05,2.686666666666667,
C0018798,Congenital Heart Defects,38,35,27,20,0.14285714285714285,0.03361344537815126,0.9758015728977616,0.00010518198755278543,2.7687749287749286,
C0018799,Heart Diseases,43,42,36,27,0.09523809523809523,0.0313588850174216,0.9828516989520483,0.00011542933272826915,2.809126984126984,
C0023493,Adult T-Cell Lymphoma/Leukemia,31,31,15,36,0.3548387096774194,0.07741935483870968,0.9794871794871794,0.00015775158942888724,3.062878787878788,
C0008312,Primary biliary cirrhosis,23,19,15,14,0.21052631578947367,0.08187134502923976,0.9649122807017544,7.907031617547144e-05,2.9714285714285715,
C0004936,Mental disorders,11,11,9,6,0.2727272727272727,0.10909090909090909,0.9659090909090909,3.452296483726718e-05,2.7870370370370368,
C0005283,beta Thalassemia,10,10,9,7,0.2,0.15555555555555556,0.9700854700854701,3.995910549225912e-05,2.8333333333333335,
C0024809,Marijuana Abuse,10,10,9,6,0.2,0.13333333333333333,0.9912790697674418,2.697438203437953e-05,2.5277777777777777,
C0023976,Long QT Syndrome,16,16,6,18,0.625,0.15,0.9574468085106383,0.00010210137048284726,2.5366666666666666,
C0006413,Burkitt Lymphoma,15,15,9,13,0.4,0.12380952380952381,0.9859838274932614,6.126556182525597e-05,2.782407407407407,
C1861063,"TOBACCO ADDICTION, SUSCEPTIBILITY TO (finding)",12,10,10,5,0.1,0.1111111111111111,0.9425287356321839,2.9080459297313797e-05,3.2444444444444445,
C0018621,Hay fever,10,10,10,3,0.1,0.06666666666666667,0.9909365558912386,1.5656217503353673e-05,2.933333333333333,
C0021655,Insulin Resistance,49,48,21,81,0.5416666666666666,0.07180851063829788,0.965865992414665,0.00037710601559051986,2.919230769230769,
C0149721,Left Ventricular Hypertrophy,24,24,12,29,0.25,0.10507246376811594,0.976326530612245,0.00014380906171582638,2.648989898989899,
C0085129,Bronchial Hyperreactivity,13,13,13,7,0.07692307692307693,0.08974358974358974,0.9552715654952076,4.0475527165653254e-05,3.2435897435897436,
C1862939,AMYOTROPHIC LATERAL SCLEROSIS 1,49,47,31,39,0.2765957446808511,0.036077705827937095,0.9795329309892417,0.00016587669343466832,2.8833746898263026,
C0015934,Fetal Growth Retardation,10,10,8,7,0.2,0.15555555555555556,0.976027397260274,3.9438515928527084e-05,2.6160714285714284,
C0079541,Holoprosencephaly,10,8,6,4,0.375,0.14285714285714285,0.9583333333333334,2.3210431437710342e-05,3.066666666666667,
C0993582,"Arthritis, Experimental",40,39,29,33,0.20512820512820512,0.044534412955465584,0.9777177582714383,0.00015535588430874855,2.9458128078817736,
C0014549,Tonic-Clonic Epilepsy,10,10,9,7,0.2,0.15555555555555556,0.9333333333333333,4.070533278395595e-05,3.013888888888889,
C0242656,Disease Progression,127,124,37,244,0.7016129032258065,0.031995803829006034,0.9652124322783006,0.0005859437237283164,2.9335024679852264,
C0017668,Focal glomerulosclerosis,22,22,9,32,0.5454545454545454,0.13852813852813853,0.9765739385065886,0.00015510081112134685,2.657407407407407,
C0334588,Giant Cell Glioblastoma,12,12,9,12,0.3333333333333333,0.18181818181818182,0.9913169319826338,3.7512071756367906e-05,2.5277777777777777,
C1959629,Seizure Adverse Event,19,19,19,3,0.05263157894736842,0.017543859649122806,0.9896193771626297,1.6100564961086057e-05,2.8947368421052633,
C0005910,Body Weight,14,14,13,4,0.14285714285714285,0.04395604395604396,0.9619047619047619,2.3179562599339907e-05,3.1794871794871793,
C0020179,Huntington Disease,12,12,11,8,0.16666666666666666,0.12121212121212122,0.9703153988868275,4.549602206896833e-05,2.790909090909091,
C0017636,Glioblastoma,61,61,25,91,0.5409836065573771,0.04972677595628415,0.9741109530583215,0.000320785043577128,2.8419191919191915,
C0235833,Congenital diaphragmatic hernia,12,11,9,6,0.18181818181818182,0.10909090909090909,0.9770114942528736,3.388912127670385e-05,2.7916666666666665,
C0036421,Systemic Scleroderma,25,23,22,9,0.08695652173913043,0.03557312252964427,0.9799554565701559,4.913718413948047e-05,3.0476190476190474,
C2609414,Acute kidney injury,67,65,37,73,0.36923076923076925,0.035096153846153846,0.9731073862589795,0.00030072389488407177,3.2701138638638643,
C1876165,Copper-Overload Cirrhosis,11,11,8,12,0.36363636363636365,0.21818181818181817,0.9830866807610994,6.151321215766053e-05,2.2767857142857144,
C0000786,Spontaneous abortion,108,105,67,80,0.22857142857142856,0.014652014652014652,0.95906881555385,0.00040216806114316627,3.3318021634252974,
C0017638,Glioma,74,67,26,104,0.5970149253731343,0.04703753957485301,0.9778534923339012,0.00023125684616897595,3.052,
C0017639,Gliosis,16,16,10,18,0.375,0.15,0.981151832460733,8.959179506474576e-05,2.57037037037037,
C0013080,Down Syndrome,99,96,72,55,0.21875,0.01206140350877193,0.9792843691148776,0.00020102098109718187,3.2572937625754528,
C0497327,Dementia,11,10,9,6,0.2,0.13333333333333333,0.9953398058252427,6.76523697035143e-06,2.861111111111111,
C0030305,Pancreatitis,21,20,19,11,0.1,0.05789473684210526,0.9764957264957265,6.052372425650835e-05,3.002923976608187,
C0002514,"Amino Acid Metabolism, Inborn Errors",13,13,13,5,0.07692307692307693,0.0641025641025641,0.9682539682539683,2.878632226903599e-05,2.9871794871794872,
C0040136,Thyroid Neoplasm,33,33,20,40,0.3333333333333333,0.07575757575757576,0.9718210637548432,0.0001992932433405251,2.7312599681020733,
C0027626,Neoplasm Invasiveness,132,126,25,349,0.8015873015873016,0.04431746031746032,0.9489131230330089,0.0012424631464917786,3.018696369636964,
C0027627,Neoplasm Metastasis,174,139,27,379,0.7913669064748201,0.039516213116463354,0.9499603908106681,0.0012352025064726862,3.130859880859881,
C0001925,Albuminuria,24,20,14,19,0.2,0.1,0.9663418954827281,0.00010555891501028643,2.9294871794871793,
C0032914,Pre-Eclampsia,22,18,17,8,0.1111111111111111,0.05228758169934641,0.9661733615221987,4.5780957316504225e-05,3.088235294117647,
C0027746,Nerve Degeneration,74,74,27,127,0.581081081081081,0.04701962236208811,0.9659654294519631,0.0005043230809502566,3.0413353872656197,
C0040038,Thromboembolism,12,12,6,18,0.5,0.2727272727272727,0.9047619047619048,0.0001045450767320118,2.638888888888889,
C0032460,Polycystic Ovary Syndrome,156,145,113,77,0.05517241379310345,0.007375478927203065,0.974169741697417,0.00029819093093656854,3.078195234583509,
C0007787,Transient Ischemic Attack,10,10,7,9,0.3,0.2,0.9798657718120806,4.916776288924796e-05,2.373015873015873,
C0007786,Brain Ischemia,60,60,16,150,0.7333333333333333,0.0847457627118644,0.9573803097030829,0.0006649183575965366,3.209753787878788,
C0007785,Cerebral Infarction,10,10,7,12,0.4,0.26666666666666666,0.9429928741092637,6.934696910466552e-05,2.8214285714285716,
C0546837,Malignant neoplasm of esophagus,19,18,15,12,0.16666666666666666,0.0784313725490196,0.9748427672955975,6.622051803801643e-05,2.676190476190476,
C0029408,Degenerative polyarthritis,97,94,34,152,0.6063829787234043,0.034774651109585906,0.9656962310990747,0.0005529411814268949,3.171029177221128,
C0029401,Osteitis Deformans,10,8,6,6,0.375,0.21428571428571427,0.9835616438356164,3.27781843762147e-05,2.7111111111111112,
C0853897,Diabetic Cardiomyopathies,10,10,7,8,0.4,0.17777777777777778,0.9732441471571907,4.520984541269057e-05,2.7976190476190474,
C0392557,Nuclear cataract,12,12,8,12,0.4166666666666667,0.18181818181818182,0.8674033149171271,6.996332202997884e-05,2.857142857142857,
C0236736,Cocaine-Related Disorders,108,86,39,132,0.46511627906976744,0.036114911080711354,0.9542143600416233,0.0006293029404741501,3.212401596941071,
C0162671,MELAS Syndrome,15,10,6,11,0.3,0.24444444444444444,0.9691444600280504,6.20924508078772e-05,2.2444444444444445,
C0162670,Mitochondrial Myopathies,10,6,6,6,0.16666666666666666,0.4,0.972972972972973,3.42105564940792e-05,2.533333333333333,
C0236733,Amphetamine-Related Disorders,75,73,58,50,0.1506849315068493,0.01902587519025875,0.974817426340972,0.00022482615812641704,3.254369465984711,
C0009375,Colonic Neoplasms,127,125,36,258,0.696,0.03329032258064516,0.9607066707279927,0.0007715455067609494,3.242277869002007,
C0006111,Brain Diseases,22,22,17,16,0.18181818181818182,0.06926406926406926,0.9890147614143495,5.727126382720536e-05,2.9568014705882355,
C0242339,Dyslipidemias,17,16,13,12,0.125,0.1,0.9599332220367279,6.857243257989219e-05,2.8141025641025643,
C0005138,Berylliosis,11,9,9,5,0.1111111111111111,0.1388888888888889,0.9754901960784313,2.8499480115590533e-05,2.7777777777777777,
C0020437,Hypercalcemia,12,10,8,8,0.2,0.17777777777777778,0.9428571428571428,4.640093208311195e-05,2.892857142857143,
C0036202,Sarcoidosis,12,8,7,5,0.25,0.17857142857142858,0.9764150943396226,2.844269100884775e-05,2.7142857142857144,
C0023903,Liver neoplasms,112,106,61,130,0.42452830188679247,0.02336028751123091,0.9691650853889943,0.00045614269855390785,3.176077717061324,
C0027055,Myocardial Reperfusion Injury,82,35,15,63,0.5428571428571428,0.10588235294117647,0.9596024366784226,0.0003265407552038997,2.686466165413534,
C0920269,Microsatellite Instability,15,12,9,10,0.16666666666666666,0.15151515151515152,0.9822380106571936,5.30104640049672e-05,2.3333333333333335,
C0339535,"Night blindness, congenital stationary",14,11,8,8,0.2727272727272727,0.14545454545454545,0.8415841584158416,4.669186960493887e-05,3.529761904761905,
C0038325,Stevens-Johnson Syndrome,30,30,9,69,0.7333333333333333,0.15862068965517243,0.9810126582278481,0.00017774582577673945,2.7866161616161613,
C0023452,"Leukemia, Lymphocytic, Acute, L1",12,11,11,7,0.09090909090909091,0.12727272727272726,0.9717741935483871,3.984395738763468e-05,3.2181818181818183,
C1272641,Systemic arterial pressure,62,50,48,19,0.04,0.015510204081632653,0.9727988546886185,0.00010267096368754352,2.8654698581560285,
C0023186,Learning Disorders,27,27,18,26,0.3333333333333333,0.07407407407407407,0.9848705266220541,0.00010149578069726313,3.254175744371823,
C0265221,Walker-Warburg congenital muscular dystrophy,14,13,8,7,0.38461538461538464,0.08974358974358974,0.9411764705882353,4.065181997180732e-05,2.942857142857143,
C0024796,Marfan Syndrome,10,10,8,10,0.3,0.2222222222222222,0.9746514575411914,5.5763553997201366e-05,2.3809523809523805,
C0009363,Congenital ocular coloboma (disorder),12,12,11,5,0.16666666666666666,0.07575757575757576,0.9911894273127754,2.3714038021219765e-05,2.827272727272727,
C0024121,Lung Neoplasms,178,172,37,488,0.7674418604651163,0.03318373453012376,0.9433447495211006,0.0015848372481428326,3.3937137895471228,
C0270853,"Myoclonic Epilepsy, Juvenile",10,7,7,1,0.14285714285714285,0.047619047619047616,0.983739837398374,5.777382950476028e-06,3.0476190476190474,
C0006142,Malignant neoplasm of breast,71,62,43,52,0.3064516129032258,0.02749867794817557,0.9718614718614719,0.0002455045641385357,3.020953546657341,
C1458155,Mammary Neoplasms,433,407,63,2019,0.8402948402948403,0.02443688650585202,0.897298947047154,0.005199998751195931,3.4795893753421097,
C0270850,Idiopathic generalized epilepsy,11,6,6,2,0.16666666666666666,0.13333333333333333,0.971830985915493,1.1597826991909382e-05,2.8666666666666667,
C0027796,Neuralgia,11,10,10,5,0.1,0.1111111111111111,0.9956822107081175,6.327361047588276e-06,2.688888888888889,
C0027794,Neural Tube Defects,27,26,21,15,0.11538461538461539,0.046153846153846156,0.958041958041958,8.544796066678193e-05,3.2142857142857144,
C0162820,"Dermatitis, Allergic Contact",66,66,57,36,0.07575757575757576,0.016783216783216783,0.9682819383259912,0.0001883269264024612,3.006422305764411,
C0025521,Inborn Errors of Metabolism,16,16,15,9,0.125,0.075,0.9664804469273743,5.1347125914277236e-05,3.076923076923077,
C0344388,Platelet mean volume finding,35,28,27,10,0.07142857142857142,0.026455026455026454,0.9798590130916415,5.421274041592607e-05,2.921652421652422,
C0021841,Intestinal Neoplasms,11,11,5,13,0.6363636363636364,0.23636363636363636,0.987279843444227,5.812189314787863e-05,2.2714285714285714,
C2607914,Allergic rhinitis (disorder),16,11,11,1,0.09090909090909091,0.01818181818181818,0.9909502262443439,5.6335672678474096e-06,3.2363636363636363,
C1271104,Blood pressure finding,62,50,48,19,0.04,0.015510204081632653,0.9727988546886185,0.00010267096368754352,2.8654698581560285,
C0242383,Age related macular degeneration,42,36,28,26,0.1388888888888889,0.04126984126984127,0.9661016949152542,0.00014185142448875352,3.093077601410935,
C0007193,"Cardiomyopathy, Dilated",47,47,30,44,0.14893617021276595,0.04070305272895467,0.980722891566265,0.00016814431591206269,2.7319376026272577,
C3160731,Pulmonary function (finding),41,30,29,12,0.06666666666666667,0.027586206896551724,0.9738276990185387,6.651584101671675e-05,3.043103448275862,
C0080178,Spina Bifida,11,11,10,7,0.18181818181818182,0.12727272727272726,0.9770491803278688,3.9306081956960674e-05,2.466666666666667,
C0007194,Hypertrophic Cardiomyopathy,21,21,13,21,0.42857142857142855,0.1,0.9868544600938968,7.913286865992382e-05,2.790598290598291,
C0752166,Bardet-Biedl Syndrome,22,21,7,41,0.6666666666666666,0.19523809523809524,0.8774289985052317,0.00023760956010573605,2.7976190476190474,
C0022548,Keloid,35,33,28,25,0.09090909090909091,0.04734848484848485,0.9816782704287285,0.0001142772373765454,2.416446208112875,
C0025202,melanoma,204,192,98,245,0.4791666666666667,0.013361692844677139,0.9664888524141704,0.0005191862858455076,3.2677058272883337,
C3809874,"LEUKEMIA, ACUTE LYMPHOBLASTIC, SUSCEPTIBILITY TO, 3",21,21,11,26,0.5238095238095238,0.12380952380952381,0.981084030556566,0.00011965177686711287,2.707438016528925,
C0032285,Pneumonia,47,47,26,54,0.2127659574468085,0.04995374653098982,0.9489844119036372,0.00029634493942106094,3.068769230769231,
C0033805,Pseudohypoaldosteronism,11,9,5,8,0.3333333333333333,0.2222222222222222,0.9657387580299786,4.580501760524577e-05,2.7,
C0027708,Nephroblastoma,16,16,12,8,0.1875,0.06666666666666667,0.9894039735099338,3.70084609068937e-05,3.0016835016835013,
C1838951,LEIGH SYNDROME DUE TO MITOCHONDRIAL COMPLEX I DEFICIENCY,14,14,5,41,0.7142857142857143,0.45054945054945056,0.9016786570743405,0.00023655161129828694,3.06,
C1140680,Malignant neoplasm of ovary,15,12,6,11,0.5833333333333334,0.16666666666666666,0.9847116052814454,5.542744371008848e-05,2.7904761904761908,
C0031511,Pheochromocytoma,16,16,11,16,0.3125,0.13333333333333333,0.9711971197119712,8.820515029325131e-05,2.6745454545454543,
C1336708,Testicular Germ Cell Tumor,24,21,20,13,0.09523809523809523,0.06190476190476191,0.9706877113866967,7.258864079811755e-05,2.8421052631578947,
C0020619,Hypogonadism,14,13,8,8,0.15384615384615385,0.10256410256410256,0.937007874015748,4.646016134680243e-05,3.1517857142857144,
C0026650,Movement Disorders,21,21,19,8,0.14285714285714285,0.0380952380952381,0.9788079470198675,4.430365559589999e-05,2.810457516339869,
C1261473,Sarcoma,13,13,9,14,0.3076923076923077,0.1794871794871795,0.9869646182495344,6.210397329722057e-05,2.375,
C0024232,Lymphatic Metastasis,14,14,12,9,0.21428571428571427,0.0989010989010989,0.9860573199070488,4.546723504272895e-05,2.6515151515151514,
C0020615,Hypoglycemia,10,10,10,8,0.1,0.17777777777777778,0.9741935483870968,4.509553344571258e-05,2.422222222222222,
C0002895,"Anemia, Sickle Cell",10,10,9,7,0.2,0.15555555555555556,0.9846827133479212,3.732965722779863e-05,2.611111111111111,
C0238288,"Muscular Dystrophy, Facioscapulohumeral",13,12,10,6,0.16666666666666666,0.09090909090909091,0.9879518072289156,3.081959156303813e-05,2.6041666666666665,
C1527249,Colorectal Cancer,36,28,22,15,0.17857142857142858,0.03968253968253968,0.9803536345776032,7.76816749119188e-05,2.9806349206349205,
C0004153,Atherosclerosis,55,54,33,61,0.2962962962962963,0.04262753319357093,0.9726824899238692,0.0002712711196845954,2.814749053030303,
C0004096,Asthma,113,105,72,84,0.1523809523809524,0.015384615384615385,0.9709090909090909,0.00034844751147152507,3.210005596852721,
C0949658,"Cardiomyopathy, Hypertrophic, Familial",23,22,14,18,0.2727272727272727,0.07792207792207792,0.9564164648910412,0.00010224402581106412,3.018925518925519,
C0037286,Skin Neoplasms,49,47,16,84,0.6595744680851063,0.07770582793709528,0.9734345351043643,0.0003201111848556606,3.001478494623656,
C0036572,Seizures,96,94,66,68,0.09574468085106383,0.01555708075955159,0.9594029850746268,0.0003493755091245584,3.062162652162652,
C0002395,Alzheimer's Disease,167,144,70,195,0.5,0.01893939393939394,0.960945323452834,0.000713767846380622,3.4032838739360476,
C0567312,Menopause present (finding),21,17,17,5,0.058823529411764705,0.03676470588235294,0.9862258953168044,2.696110621541313e-05,2.8823529411764706,
C0027672,"Neoplastic Syndromes, Hereditary",48,48,10,137,0.6875,0.12145390070921985,0.9577290959580377,0.0006211015047761098,2.5274410774410776,
C0017178,Gastrointestinal Diseases,12,12,10,4,0.16666666666666666,0.06060606060606061,0.9835728952772074,2.2355928581377906e-05,2.933333333333333,
C0268237,Cytochrome-c Oxidase Deficiency,17,13,9,5,0.38461538461538464,0.0641025641025641,0.9659863945578231,2.884088025332595e-05,3.0,
C0035304,Retinal Degeneration,15,15,10,10,0.26666666666666666,0.09523809523809523,0.9753390875462392,5.561339049369249e-05,2.966666666666667,
C0035309,Retinal Diseases,21,21,20,14,0.09523809523809523,0.06666666666666667,0.9818181818181818,7.166966148745301e-05,2.663157894736842,
C0268583,Methylmalonic acidemia,10,10,8,7,0.2,0.15555555555555556,0.9728682170542635,3.975761337321977e-05,2.5714285714285716,
C0011616,Contact Dermatitis,71,70,45,61,0.24285714285714285,0.02525879917184265,0.9723167687769457,0.0002735044050586115,3.010680332739156,
C0011615,"Dermatitis, Atopic",51,40,31,32,0.175,0.041025641025641026,0.956343792633015,0.0001777732306160668,3.1317460317460317,
C0010068,Coronary heart disease,68,57,45,31,0.15789473684210525,0.019423558897243107,0.9714942528735632,0.00016091873821780025,3.2244481855592966,
C0029456,Osteoporosis,67,63,34,66,0.3968253968253968,0.03379416282642089,0.9720930232558139,0.00029012395983031515,2.894367201426025,
C0018800,Cardiomegaly,67,66,23,108,0.6363636363636364,0.05034965034965035,0.9616136484805402,0.0004958525454286074,2.954968944099379,
C0018801,Heart failure,80,80,37,98,0.4125,0.0310126582278481,0.9558359621451105,0.0004884858524351805,3.113496071829405,
C0677776,Hereditary Breast and Ovarian Cancer Syndrome,14,14,1,43,1.0,0.4725274725274725,0.9708770741618693,0.00021400221922619446,,
C1269683,Major Depressive Disorder,41,31,30,11,0.06451612903225806,0.023655913978494623,0.9743888242142026,6.111335063766738e-05,3.1206896551724137,
C0037274,Dermatologic disorders,66,64,52,41,0.078125,0.020337301587301588,0.9733766233766233,0.00019904979502662084,3.0045676219205633,
C0349788,Arrhythmogenic Right Ventricular Dysplasia,10,10,7,11,0.4,0.24444444444444444,0.9802158273381295,5.898604998177204e-05,2.369047619047619,
C0021368,Inflammation,110,109,62,117,0.29357798165137616,0.019877675840978593,0.9505285412262157,0.0005880620529681216,3.012414499445997,
C0011882,Diabetic Neuropathies,13,13,11,13,0.23076923076923078,0.16666666666666666,0.9728317659352143,7.203798440561018e-05,2.4909090909090907,
C0021364,Male infertility,45,43,23,46,0.3488372093023256,0.05094130675526024,0.9786145978614598,0.00018977658438726764,3.2040163540163538,
C0042373,Vascular Diseases,16,15,13,10,0.13333333333333333,0.09523809523809523,0.9718706047819972,5.626267700564816e-05,2.9038461538461537,
C0021361,Female infertility,27,27,17,39,0.3333333333333333,0.1111111111111111,0.9784351672656898,0.00017202414836684873,2.9605800653594767,
C0023418,leukemia,32,32,17,43,0.375,0.08669354838709678,0.9744275944097532,0.00020295513394697634,2.5538194444444446,
C0009324,Ulcerative Colitis,94,81,56,68,0.1728395061728395,0.020987654320987655,0.9696564033913432,0.0003115538275266558,3.1076066790352503,
C0021400,Influenza,52,50,36,39,0.3,0.03183673469387755,0.9510050251256281,0.00021702296713117417,3.3147089947089943,
C0027707,"Nephritis, Interstitial",10,10,8,8,0.2,0.17777777777777778,0.960880195599022,4.6021764971117536e-05,2.8125,
C1527336,Sjogren's Syndrome,12,12,11,9,0.16666666666666666,0.13636363636363635,0.9724770642201835,5.0752670411244305e-05,2.7636363636363637,
C0455806,Infant length,11,11,11,1,0.09090909090909091,0.01818181818181818,0.9958246346555324,4.863126111344538e-06,3.1454545454545455,
C0008074,"Child Development Disorders, Pervasive",56,52,47,32,0.057692307692307696,0.024132730015082957,0.9600997506234414,0.00017596589340459714,2.9396135265700485,
C0038587,Substance Withdrawal Syndrome,53,52,30,47,0.17307692307692307,0.03544494720965309,0.9593601383484652,0.00025174738569335353,3.3040059599829714,
C1955869,Malformations of Cortical Development,11,11,9,5,0.18181818181818182,0.09090909090909091,0.9903567984570878,2.4622083551787385e-05,2.3541666666666665,
C0002736,Amyotrophic Lateral Sclerosis,72,65,39,69,0.38461538461538464,0.03317307692307692,0.9779623123602683,0.0002358112369704484,3.076761133603239,
C0008073,Developmental Disabilities,20,19,18,8,0.10526315789473684,0.04678362573099415,0.9858532272325375,4.127847530787915e-05,2.6862745098039214,
C0009952,Febrile Convulsions,12,11,11,4,0.09090909090909091,0.07272727272727272,0.9862542955326461,2.1922694076039736e-05,3.2363636363636363,
C0008370,Cholestasis,53,39,27,30,0.28205128205128205,0.04048582995951417,0.977924944812362,0.0001437424607892713,2.9887334887334887,
C0020542,Pulmonary Hypertension,32,31,27,21,0.0967741935483871,0.04516129032258064,0.9663461538461539,0.00011603606580407284,3.1210826210826212,
C0238463,Papillary thyroid carcinoma,27,26,10,35,0.6153846153846154,0.1076923076923077,0.9840981372103589,0.0001218022931419517,2.3520833333333333,
C0455988,"Hydrops Fetalis, Non-Immune",13,12,10,7,0.25,0.10606060606060606,0.9444444444444444,4.062255515273813e-05,3.2444444444444445,
C0400966,Non-alcoholic Fatty Liver Disease,42,40,35,27,0.075,0.03461538461538462,0.9747899159663865,0.00013815878449216707,2.973809523809524,
C0009319,Colitis,24,24,16,25,0.375,0.09057971014492754,0.9739854318418314,0.00013028909068844732,3.0027777777777778,
C0699790,Colon Carcinoma,25,24,9,35,0.6666666666666666,0.12681159420289856,0.9769963851462372,0.000164964723176198,2.6284722222222223,
C0020445,"Hypercholesterolemia, Familial",16,16,10,16,0.4375,0.13333333333333333,0.9382239382239382,9.232610182118858e-05,2.761904761904762,
C0003123,Anorexia,15,15,11,12,0.26666666666666666,0.11428571428571428,0.9558011049723757,6.88452523630955e-05,3.0454545454545454,
C0149931,Migraine Disorders,33,26,21,14,0.11538461538461539,0.043076923076923075,0.9848730415991356,6.717072453186804e-05,2.9994708994708996,
C0005695,Bladder Neoplasm,111,106,43,186,0.5943396226415094,0.033423180592991916,0.9662431941923775,0.0005685319583581053,3.1154895562561067,
C0018784,Sensorineural Hearing Loss (disorder),11,9,8,6,0.2222222222222222,0.16666666666666666,0.983402489626556,3.28215739497911e-05,2.6785714285714284,
C0524620,Metabolic Syndrome X,44,41,36,20,0.07317073170731707,0.024390243902439025,0.9765944997074313,0.00010437881757805929,2.8636243386243385,
C0018781,Noise-induced hearing loss,22,5,4,3,0.4,0.3,0.918918918918919,1.75024095214266e-05,2.9166666666666665,
C0023467,"Leukemia, Myelocytic, Acute",115,113,52,140,0.504424778761062,0.022123893805309734,0.9664308835870998,0.0005210733248960552,2.8671431910595997,
C0376358,Malignant neoplasm of prostate,78,63,45,44,0.25396825396825395,0.022529441884280594,0.9790775083214456,0.00018157707692518276,3.007912457912458,
C1319853,"Asthma, Aspirin-Induced",13,13,11,7,0.15384615384615385,0.08974358974358974,0.9278350515463918,4.0732908263651046e-05,3.418181818181818,
C0265275,Jeune thoracic dystrophy,10,9,9,0,0.1111111111111111,0.0,1.0,-1.2328764903282362e-07,3.25,
C0007134,Renal Cell Carcinoma,127,121,56,161,0.5289256198347108,0.022176308539944904,0.9664897491934644,0.0005466568004161558,3.00992288961039,
C0007137,Squamous cell carcinoma,86,83,16,257,0.8192771084337349,0.07552159858947988,0.9601920693928129,0.0007901464476298187,3.0957107843137255,
C0007131,Non-Small Cell Lung Carcinoma,117,111,35,203,0.6936936936936937,0.03325143325143325,0.9614178466216858,0.0007135202600383553,3.047473534868493,
C0677050,Manganese Poisoning,11,11,9,12,0.18181818181818182,0.21818181818181817,0.9838274932614556,6.070823766128987e-05,2.638888888888889,
C0242698,"Ventricular Dysfunction, Left",15,15,13,12,0.2,0.11428571428571428,0.978021978021978,6.501601903653431e-05,2.7393162393162394,
C0007138,"Carcinoma, Transitional Cell",31,31,13,55,0.6129032258064516,0.11827956989247312,0.974937343358396,0.00023912829330209663,2.9358974358974357,
C0026691,Mucocutaneous Lymph Node Syndrome,13,11,10,4,0.18181818181818182,0.07272727272727272,0.9818181818181818,2.2541794310873857e-05,3.0555555555555554,
C0040336,Tobacco Use Disorder,11,11,11,4,0.09090909090909091,0.07272727272727272,0.967479674796748,2.3109531801904114e-05,3.036363636363636,
C0033687,Proteinuria,38,38,23,41,0.3684210526315789,0.05832147937411095,0.9686903398243605,0.0002102576192446281,2.859872012045925,
C0011881,Diabetic Nephropathy,39,37,24,38,0.13513513513513514,0.057057057057057055,0.9695756605284227,0.00019537317815852161,2.7992753623188404,
C0007959,Charcot-Marie-Tooth Disease,30,29,24,15,0.10344827586206896,0.03694581280788178,0.9848254931714719,7.095503252154325e-05,2.814009661835749,
C0029172,Oral Submucous Fibrosis,15,15,8,19,0.4666666666666667,0.18095238095238095,0.9401574803149606,0.00010927638317704714,2.8341836734693877,
C0001430,Adenoma,32,32,22,26,0.34375,0.05241935483870968,0.9854096520763187,9.770275725204947e-05,2.898858717040535,
C0027947,Neutropenia,13,13,12,5,0.15384615384615385,0.0641025641025641,0.9590163934426229,2.8955635885193435e-05,3.015151515151515,
C1843367,Poor school performance,13,13,13,3,0.07692307692307693,0.038461538461538464,0.9875518672199171,1.6534673998308846e-05,2.9358974358974357,
C0032273,Pneumoconiosis,14,14,14,6,0.07142857142857142,0.06593406593406594,0.9798319327731092,3.3541266667858344e-05,3.230769230769231,
C0007222,Cardiovascular Diseases,52,50,36,39,0.24,0.03183673469387755,0.9651630192050022,0.0002064489950057708,2.923346560846561,
C1561955,Fibrinogen Adverse Event,22,18,17,4,0.1111111111111111,0.026143790849673203,0.9809069212410502,2.2618748840319983e-05,3.011029411764706,
C0011860,"Diabetes Mellitus, Non-Insulin-Dependent",173,154,74,214,0.487012987012987,0.018164841694253458,0.9524866785079928,0.0009040103301012021,3.0501777119585336,
C0040034,Thrombocytopenia,23,22,15,19,0.3181818181818182,0.08225108225108226,0.9623015873015873,0.00010666200672104595,2.882312925170068,
C0036920,Sezary Syndrome,26,26,10,43,0.6153846153846154,0.13230769230769232,0.9793616510679146,0.00017712820584689555,2.7215277777777778,
C1112705,Nuclear non-senile cataract,12,12,8,12,0.4166666666666667,0.18181818181818182,0.8674033149171271,6.996332202997884e-05,2.857142857142857,
C0011884,Diabetic Retinopathy,19,16,14,11,0.125,0.09166666666666666,0.9800543970988214,5.9071092863605034e-05,2.760989010989011,
C1384666,hearing impairment,43,35,35,14,0.02857142857142857,0.023529411764705882,0.9808087731322824,7.270595603516795e-05,2.957983193277311,
C0033975,Psychotic Disorders,20,17,13,14,0.23529411764705882,0.10294117647058823,0.9899425287356322,4.8722562229676923e-05,2.6538461538461537,
C0003469,Anxiety Disorders,37,34,24,25,0.20588235294117646,0.044563279857397504,0.9848300970873787,9.970380538274468e-05,3.1319013112491376,
C1261502,Finding of Mean Corpuscular Hemoglobin,15,15,13,8,0.2,0.0761904761904762,0.9702602230483272,4.550061656022557e-05,2.8461538461538463,
C0022665,Kidney Neoplasm,27,27,16,41,0.37037037037037035,0.1168091168091168,0.971157228279986,0.00020503820889142678,2.703888888888889,
C0026603,Motion Sickness,17,14,14,1,0.07142857142857142,0.01098901098901099,0.9942528735632183,5.325292687057019e-06,2.989010989010989,
C0024305,"Lymphoma, Non-Hodgkin",22,22,14,24,0.22727272727272727,0.1038961038961039,0.9767103347889374,0.00012208534707992184,2.9862637362637363,
C0024301,"Lymphoma, Follicular",23,21,17,16,0.14285714285714285,0.0761904761904762,0.9791666666666666,8.340599724717628e-05,2.9027777777777777,
C0040028,"Thrombocythemia, Essential",12,12,10,10,0.25,0.15151515151515152,0.9870466321243523,4.824934242563232e-05,2.5407407407407407,
C0003864,Arthritis,10,9,9,3,0.1111111111111111,0.08333333333333333,0.9867256637168141,1.665420755969566e-05,3.2222222222222223,
C0020649,Hypotension,53,53,38,42,0.09433962264150944,0.030478955007256895,0.9455958549222798,0.00023519089106112964,3.040908013276434,
C0035126,Reperfusion Injury,85,85,33,179,0.5764705882352941,0.050140056022408966,0.9546892798379952,0.0007793952825703659,2.899679189857761,
C0018843,Heat Stroke,12,12,4,30,0.75,0.45454545454545453,0.973568281938326,0.00015327538603334014,2.0555555555555554,
C0018923,Hemangiosarcoma,18,18,5,29,0.6111111111111112,0.1895424836601307,0.9820043437790879,0.00012510163700584967,2.9136363636363636,
C0013182,Drug Allergy,35,35,30,20,0.08571428571428572,0.03361344537815126,0.9767711962833914,0.00010418854079556817,3.1442528735632185,
C1840235,SOLITARY MEDIAN MAXILLARY CENTRAL INCISOR,14,14,10,7,0.21428571428571427,0.07692307692307693,0.9583333333333334,4.041184845495148e-05,3.2462962962962965,
C0025149,Medulloblastoma,45,44,20,52,0.5454545454545454,0.05496828752642706,0.9728672058439864,0.00024110429143033935,2.775548245614035,
C0008924,Cleft Lip,26,25,13,34,0.36,0.11333333333333333,0.9611872146118722,0.00018553086490541836,2.9709757834757835,
C0008925,Cleft Palate,40,40,17,57,0.325,0.07307692307692308,0.9581804842259721,0.0003012885992431651,2.705646681749623,
C0151786,Muscle Weakness,93,91,70,50,0.1978021978021978,0.01221001221001221,0.98001998001998,0.00018523254718868623,3.2619737750172533,
C0027643,"Neoplasm Recurrence, Local",25,24,13,35,0.5,0.12681159420289856,0.984187937655297,0.00012086067838954956,2.7371794871794872,
C0004114,Astrocytoma,24,24,10,42,0.5416666666666666,0.15217391304347827,0.9786802030456853,0.00017913697118726664,2.544017094017094,
C1260899,"Anemia, Diamond-Blackfan",16,15,2,82,0.9333333333333333,0.780952380952381,0.9498470948012232,0.0004334217148171484,2.0,
C1565489,Renal Insufficiency,10,10,7,9,0.4,0.2,0.9478260869565217,5.2069548877895126e-05,2.857142857142857,
C0025286,Meningioma,12,12,8,13,0.25,0.19696969696969696,0.974,7.16789955143245e-05,2.734126984126984,
C0006625,Cachexia,10,10,7,9,0.3,0.2,0.9689655172413794,5.1142225254292126e-05,2.7142857142857144,
C0035229,Respiratory Insufficiency,11,11,11,4,0.09090909090909091,0.07272727272727272,0.9806763285024155,2.263651676616756e-05,2.8363636363636364,
C0035228,Respiratory Hypersensitivity,18,18,15,12,0.16666666666666666,0.0784313725490196,0.97847533632287,6.479947217300581e-05,2.8285714285714287,
C2931822,Nasopharyngeal carcinoma,22,20,9,24,0.6,0.12631578947368421,0.9823853211009175,0.00010852838122579238,2.8171296296296298,
C0020429,Hyperalgesia,71,69,44,80,0.2753623188405797,0.03410059676044331,0.9488163787587972,0.00042566696434963406,3.3516885501279625,
C0339527,Leber Congenital Amaurosis,22,21,20,4,0.09523809523809523,0.01904761904761905,0.9903961584633854,2.0407557124851782e-05,3.068421052631579,
C1720824,Sudden Cardiac Arrest,17,15,14,6,0.13333333333333333,0.05714285714285714,0.9887640449438202,3.018562855423959e-05,2.857142857142857,
C3714756,Intellectual Disability,129,127,93,67,0.05511811023622047,0.00837395325584302,0.9782714447867683,0.00022916450118756984,2.9238466740132236,
C0018213,Graves Disease,23,15,15,7,0.06666666666666667,0.06666666666666667,0.9577039274924471,4.042607559372374e-05,3.019047619047619,
C0235032,Neurotoxicity Syndromes,26,26,18,18,0.34615384615384615,0.055384615384615386,0.9774153074027604,9.431539283214582e-05,3.3609295570079882,
C3495498,"Cardiomyopathy, Familial Hypertrophic, 1 (disorder)",10,10,9,4,0.2,0.08888888888888889,0.972972972972973,2.2993922968308994e-05,2.486111111111111,
C0004238,Atrial Fibrillation,26,26,22,16,0.19230769230769232,0.04923076923076923,0.9647188533627343,8.996134659341735e-05,2.984415584415584,
C0019189,"Hepatitis, Chronic",22,22,10,30,0.45454545454545453,0.12987012987012986,0.9676724137931034,0.00016056242837982166,2.631111111111111,
C0004943,Behcet Syndrome,27,24,18,25,0.125,0.09057971014492754,0.9582289055973267,0.00013993570932827217,2.948075526506899,
C0011854,"Diabetes Mellitus, Insulin-Dependent",77,71,53,46,0.1267605633802817,0.01851106639839034,0.9612631578947368,0.0002446655212974548,3.241029672633446,
C0011853,"Diabetes Mellitus, Experimental",106,106,27,210,0.7452830188679245,0.03773584905660377,0.9484472812078065,0.0009436535248572141,3.1112193010927185,
C0242422,Parkinsonian Disorders,23,22,14,29,0.4090909090909091,0.12554112554112554,0.9755377477857444,0.00014543380949239422,2.8009768009768012,
C0027540,Necrosis,52,51,22,66,0.45098039215686275,0.05176470588235294,0.9769794209975584,0.0002453058875851198,2.9115565593826465,
C0085207,Gestational Diabetes,12,12,11,7,0.16666666666666666,0.10606060606060606,0.9793205317577548,3.8938228299703746e-05,2.8181818181818183,
C0086445,Idiopathic Membranous Glomerulonephritis,21,16,15,6,0.125,0.05,0.9859649122807017,3.193298141848036e-05,3.019047619047619,
C0020517,Hypersensitivity,63,63,36,66,0.19047619047619047,0.03379416282642089,0.9493865030674846,0.00035655098681369377,3.12215873015873,
C0027092,Myopia,35,29,25,14,0.10344827586206896,0.034482758620689655,0.9825109306683323,7.085228997007638e-05,3.172962962962963,
C0020452,Hyperemia,13,13,12,8,0.15384615384615385,0.10256410256410256,0.9692307692307692,4.558185842835585e-05,2.772727272727273,
C0040427,Tooth Abnormalities,10,10,10,5,0.1,0.1111111111111111,0.9773242630385488,2.837995935209807e-05,2.7555555555555555,
C0020456,Hyperglycemia,20,20,10,23,0.55,0.12105263157894737,0.9680998613037448,0.00012549365333589115,2.9878787878787882,
C0028326,Noonan Syndrome,17,17,6,32,0.7058823529411765,0.23529411764705882,0.9474116680361545,0.00018062321019613164,3.055555555555556,
C0020459,Hyperinsulinism,16,16,13,14,0.1875,0.11666666666666667,0.9614855570839065,7.953221825870275e-05,2.715811965811966,
C0013604,Edema,25,25,22,22,0.16,0.07333333333333333,0.9651070578905631,0.00012173884479579078,2.8051948051948052,
C0019829,Hodgkin Disease,18,15,12,10,0.2,0.09523809523809523,0.9833055091819699,5.229664131461734e-05,3.0580808080808084,
C0005944,Metabolic Bone Disorder,11,10,9,6,0.2,0.13333333333333333,0.9892086330935251,2.9776433007485984e-05,2.7083333333333335,
C0005941,"Bone Diseases, Developmental",25,24,24,6,0.041666666666666664,0.021739130434782608,0.9870828848223897,3.136980002469122e-05,2.963768115942029,
C0042514,"Tachycardia, Ventricular",10,10,10,6,0.1,0.13333333333333333,0.9766990291262136,3.392008823326353e-05,2.6666666666666665,
C0013421,Dystonia,14,13,13,7,0.07692307692307693,0.08974358974358974,0.9844789356984479,3.7422622087615546e-05,2.7051282051282053,
C1168401,Squamous cell carcinoma of the head and neck,25,24,15,25,0.4166666666666667,0.09057971014492754,0.9855491329479769,9.497713608916955e-05,3.04,
C0034065,Pulmonary Embolism,11,11,9,8,0.2727272727272727,0.14545454545454545,0.9473684210526315,4.6341139706296765e-05,3.1018518518518516,
C0034069,Pulmonary Fibrosis,48,48,29,60,0.3958333333333333,0.05319148936170213,0.9273167777104785,0.00033888711313202616,2.936155042779362,
C0037769,West Syndrome,15,15,13,7,0.13333333333333333,0.06666666666666667,0.9812834224598931,3.850661487774801e-05,2.8974358974358974,
C2937358,Cerebral Hemorrhage,28,28,14,41,0.5,0.10846560846560846,0.948068397720076,0.00022888267159414935,2.8500784929356353,
C0035828,Romano-Ward Syndrome,14,14,5,18,0.7142857142857143,0.1978021978021978,0.9675090252707581,9.991739590236855e-05,3.35,
C0026640,Mouth Neoplasms,43,42,13,79,0.7142857142857143,0.09175377468060394,0.9722612359550562,0.00032310378990185577,2.7585470085470085,
C0023890,Liver Cirrhosis,64,54,22,70,0.5740740740740741,0.04891684136967156,0.9574468085106383,0.00036275893374801936,3.0407066052227343,
C0028754,Obesity,298,258,131,280,0.42248062015503873,0.008445691189334298,0.952562473528166,0.0010412360147941623,3.2648060282777354,
C0023892,Biliary cirrhosis,33,32,29,17,0.0625,0.034274193548387094,0.9748334566987417,9.15263745153485e-05,3.1336206896551726,
C1961102,Precursor Cell Lymphoblastic Leukemia Lymphoma,44,43,20,58,0.46511627906976744,0.06423034330011074,0.9717624148003895,0.0002668398288277069,2.8596710526315787,
C0878544,Cardiomyopathies,90,90,32,139,0.6555555555555556,0.03470661672908864,0.9624932541824069,0.0005776624624771091,3.066976489885183,
C1832200,Peroxisome biogenesis disorders,11,11,1,23,1.0,0.41818181818181815,0.8413793103448276,0.000134005466756899,,
C0265965,Dyskeratosis Congenita,12,12,6,18,0.5833333333333334,0.2727272727272727,0.9394957983193277,0.00010364434740621148,2.8,
C0041948,Uremia,17,17,12,17,0.29411764705882354,0.125,0.979845880260818,8.717176942946015e-05,2.5287878787878784,
C0011581,Depressive disorder,37,36,25,31,0.19444444444444445,0.049206349206349205,0.9690927218344965,0.00016393305298182686,2.9576190476190476,
C0040053,Thrombosis,41,40,16,60,0.55,0.07692307692307693,0.8979591836734694,0.00034461561615584894,2.86344696969697,
C0027765,nervous system disorder,53,51,42,34,0.09803921568627451,0.02666666666666667,0.973735032831209,0.00017003067666732617,2.811962833914053,
C0024299,Lymphoma,21,19,14,12,0.21052631578947367,0.07017543859649122,0.9826338639652678,6.195532849282907e-05,2.688644688644689,
C0017661,IGA Glomerulonephritis,450,429,149,713,0.634032634032634,0.00776637692525543,0.9423092483210616,0.0015588474651637805,3.1465601692790304,
C0334634,"Malignant lymphoma, lymphocytic, intermediate differentiation, diffuse",13,13,7,15,0.5384615384615384,0.19230769230769232,0.9794097460535347,7.857275879230977e-05,3.3537414965986394,
C0020672,"Hypothermia, natural",12,12,11,6,0.16666666666666666,0.09090909090909091,0.9785330948121646,3.371849372995912e-05,3.109090909090909,
C0086543,Cataract,21,21,15,22,0.3333333333333333,0.10476190476190476,0.9607493309545049,0.00012316147335005668,2.877551020408163,
C0524909,"Hepatitis B, Chronic",15,15,14,7,0.13333333333333333,0.06666666666666667,0.980225988700565,3.875506721974768e-05,2.967032967032967,
C0011609,Drug Eruptions,18,18,15,9,0.16666666666666666,0.058823529411764705,0.9777777777777777,4.977838229882722e-05,3.0714285714285716,
C0346647,Malignant neoplasm of pancreas,17,13,13,3,0.07692307692307693,0.038461538461538464,0.9883040935672515,1.6403088962394267e-05,2.7948717948717947,
C0038356,Stomach Neoplasms,284,282,61,791,0.7730496453900709,0.019964160419979303,0.9410888508229687,0.0015445833998490787,3.3025070603766644,
C0029463,Osteosarcoma,39,35,17,46,0.5142857142857142,0.0773109243697479,0.9820066497164092,0.00015720319828699508,2.83108660130719,
C0042900,Vitiligo,35,31,30,19,0.06451612903225806,0.04086021505376344,0.9723233794610342,0.00010295456794052198,2.8609195402298853,
C0038358,Gastric ulcer,18,18,14,16,0.1111111111111111,0.10457516339869281,0.96,9.074052880169147e-05,2.8763736263736264,
C0021390,Inflammatory Bowel Diseases,100,80,62,43,0.1,0.01360759493670886,0.9805385833899072,0.00016789796244638625,3.084809624537282,
C0860207,Drug-Induced Liver Injury,145,119,57,143,0.5126050420168067,0.020367469021506907,0.9539600772698004,0.0006707742777656031,3.34416985085665,
C0010278,Craniosynostosis,11,11,10,7,0.18181818181818182,0.12727272727272726,0.9766666666666667,3.935770066120512e-05,2.7555555555555555,
C0079773,"Lymphoma, T-Cell, Cutaneous",21,21,8,29,0.42857142857142855,0.1380952380952381,0.9810333551340745,0.00012952277902815524,2.443452380952381,
C0079772,T-Cell Lymphoma,11,11,4,18,0.7272727272727273,0.32727272727272727,0.9877966101694915,6.802968110128757e-05,2.7083333333333335,
C0424295,Hyperactive behavior,31,30,25,18,0.16666666666666666,0.041379310344827586,0.9590443686006825,0.00010185852794215961,2.992,
C0037268,Skin Abnormalities,10,10,9,6,0.2,0.13333333333333333,0.9814241486068112,3.327126671635434e-05,2.8194444444444446,
C0677886,Epithelial ovarian cancer,22,19,17,8,0.10526315789473684,0.04678362573099415,0.9902080783353733,3.534533185080964e-05,2.84375,
C0282527,Infantile Refsum Disease (disorder),13,13,1,31,1.0,0.3974358974358974,0.8442211055276382,0.0001804238724112908,,
C0282525,"Adrenoleukodystrophy, Neonatal",13,13,1,31,1.0,0.3974358974358974,0.8442211055276382,0.0001804238724112908,,
C0019569,Hirschsprung Disease,16,10,7,6,0.3,0.13333333333333333,0.9547169811320755,3.475195991393417e-05,3.1825396825396823,
C1720887,Female Urogenital Diseases,18,18,15,8,0.1111111111111111,0.05228758169934641,0.9868312757201646,4.0437798585410385e-05,2.9904761904761905,
C0919267,ovarian neoplasm,101,97,32,216,0.6494845360824743,0.04639175257731959,0.9587155963302753,0.0007947475768217512,3.1781554019457245,
C0162871,"Aortic Aneurysm, Abdominal",11,11,8,10,0.2727272727272727,0.18181818181818182,0.9610894941634242,5.729217153555275e-05,2.6607142857142856,
C0042487,Venous Thrombosis,20,20,8,31,0.65,0.1631578947368421,0.8870673952641166,0.00017981384597681176,2.9807692307692304,
C0002622,Amnesia,17,17,13,13,0.17647058823529413,0.09558823529411764,0.9898595943837754,4.789985393562105e-05,3.0619658119658117,
C0020557,Hypertriglyceridemia,14,14,12,9,0.21428571428571427,0.0989010989010989,0.9543147208121827,5.191507243969135e-05,2.9898989898989896,
C0019080,Hemorrhage,16,16,13,13,0.1875,0.10833333333333334,0.9670468948035488,7.328932418181741e-05,2.7970085470085473,
C0038220,Status Epilepticus,67,67,29,89,0.4925373134328358,0.040253279059249206,0.9589483394833949,0.0004397263977629071,3.1737448375379413,
C1561643,Chronic Kidney Diseases,22,21,21,2,0.047619047619047616,0.009523809523809525,0.9917864476386037,1.067208179159687e-05,3.0952380952380953,
C0023473,"Myeloid Leukemia, Chronic",22,22,13,31,0.3181818181818182,0.1341991341991342,0.9732758620689655,0.00015813826045009785,2.5317460317460316,
C0023470,Myeloid Leukemia,17,17,11,21,0.4117647058823529,0.15441176470588236,0.9749552772808586,0.00011068297153874466,2.5298701298701296,
C0006663,Calcinosis,38,37,23,37,0.40540540540540543,0.05555555555555555,0.9596290234588107,0.00020181785017719549,2.9198945981554676,
C0003504,Aortic Valve Insufficiency,11,11,6,13,0.5454545454545454,0.23636363636363636,0.9762989972652689,7.0811250967077e-05,2.7444444444444445,
C1960469,Left ventricular noncompaction,12,12,9,7,0.3333333333333333,0.10606060606060606,0.9825,3.816321824795438e-05,2.6875,
C0030567,Parkinson Disease,110,96,54,114,0.4166666666666667,0.025,0.9643024894316581,0.0004919526968614398,3.02527370137433,
C0014170,Endometrial Neoplasms,51,50,27,63,0.42,0.05142857142857143,0.9718624385886556,0.0002824971043013183,2.87993487993488,
C0243026,Sepsis,21,21,12,26,0.3333333333333333,0.12380952380952381,0.9716929776810016,0.00013749406782715751,3.0620490620490624,
C0014175,Endometriosis,161,153,64,243,0.5490196078431373,0.02089783281733746,0.9549374130737135,0.000923381366579874,3.2562850371630137,
C0014859,Esophageal Neoplasms,70,65,19,124,0.7230769230769231,0.05961538461538462,0.9705358203635499,0.00042216932787303657,3.1083737713077015,
C0341106,Eosinophilic esophagitis,20,16,16,3,0.0625,0.025,0.9898132427843803,1.6045802208488043e-05,3.075,
C0005684,Malignant neoplasm of urinary bladder,16,16,15,8,0.125,0.06666666666666667,0.9807692307692307,4.378235360861046e-05,2.868131868131868,
C0752347,Lewy Body Disease,19,19,10,25,0.5263157894736842,0.14619883040935672,0.9845869297163995,0.00010115458959391156,2.597777777777778,
C3160718,"PARKINSON DISEASE, LATE-ONSET",21,16,9,16,0.4375,0.13333333333333333,0.9774170783345095,8.490510253794747e-05,2.6488095238095237,
C0311375,Arsenic Poisoning,60,59,43,41,0.288135593220339,0.02396259497369959,0.9791983764586504,0.000173227798432679,3.003843397824246,
C0007621,Neoplastic Cell Transformation,106,82,18,225,0.7682926829268293,0.06775067750677506,0.9621530698065601,0.0007113381667677753,2.9344589687726943,
